time,idrobot,robot,message
0.001,3,Atta_3,"DEBUG: -1, ID: 3, Atta_3 listo en puerto 6063"
0.002,1,Atta_1,"DEBUG: -1, ID: 1, Atta_1 listo en puerto 6061"
0.002,5,Atta_5,"DEBUG: -1, ID: 5, Atta_5 listo en puerto 6065"
0.002,2,Atta_2,"DEBUG: -1, ID: 2, Atta_2 listo en puerto 6062"
0.002,6,Atta_6,"DEBUG: -1, ID: 6, Atta_6 listo en puerto 6066"
0.002,4,Atta_4,"DEBUG: -1, ID: 4, Atta_4 listo en puerto 6064"
0.002,8,Atta_8,"DEBUG: -1, ID: 8, Atta_8 listo en puerto 6068"
0.002,7,Atta_7,"DEBUG: -1, ID: 7, Atta_7 listo en puerto 6067"
0.002,9,Atta_9,"DEBUG: -1, ID: 9, Atta_9 listo en puerto 6069"
0.003,10,Atta_10,"DEBUG: -1, ID: 10, Atta_10 listo en puerto 6070"
0.003,1,Atta_1,"DEBUG: -1, ID: 1, arena=3800x2800mm"
0.003,3,Atta_3,"DEBUG: -1, ID: 3, arena=3800x2800mm"
0.003,2,Atta_2,"DEBUG: -1, ID: 2, arena=3800x2800mm"
0.003,4,Atta_4,"DEBUG: -1, ID: 4, arena=3800x2800mm"
0.003,6,Atta_6,"DEBUG: -1, ID: 6, arena=3800x2800mm"
0.004,5,Atta_5,"DEBUG: -1, ID: 5, arena=3800x2800mm"
0.004,7,Atta_7,"DEBUG: -1, ID: 7, arena=3800x2800mm"
0.004,9,Atta_9,"DEBUG: -1, ID: 9, arena=3800x2800mm"
0.004,8,Atta_8,"DEBUG: -1, ID: 8, arena=3800x2800mm"
0.004,10,Atta_10,"DEBUG: -1, ID: 10, arena=3800x2800mm"
1.373,2,Atta_2,"DEBUG: -1, ID: 2, TURN IMU: objetivo=-90.0° real=-87.5° err=-2.5° corr#0"
1.389,1,Atta_1,"DEBUG: -1, ID: 1, TURN IMU: objetivo=-90.0° real=-87.8° err=-2.2° corr#0"
1.389,3,Atta_3,"DEBUG: -1, ID: 3, TURN IMU: objetivo=-90.0° real=-87.5° err=-2.5° corr#0"
1.389,5,Atta_5,"DEBUG: -1, ID: 5, TURN IMU: objetivo=-90.0° real=-87.5° err=-2.5° corr#0"
1.389,4,Atta_4,"DEBUG: -1, ID: 4, TURN IMU: objetivo=-90.0° real=-87.5° err=-2.5° corr#0"
1.389,9,Atta_9,"DEBUG: -1, ID: 9, TURN IMU: objetivo=-90.0° real=-87.5° err=-2.5° corr#0"
1.389,8,Atta_8,"DEBUG: -1, ID: 8, TURN IMU: objetivo=-90.0° real=-87.5° err=-2.5° corr#0"
1.389,7,Atta_7,"DEBUG: -1, ID: 7, TURN IMU: objetivo=-90.0° real=-87.5° err=-2.5° corr#0"
1.389,10,Atta_10,"DEBUG: -1, ID: 10, TURN IMU: objetivo=-90.0° real=-87.5° err=-2.5° corr#0"
1.438,6,Atta_6,"DEBUG: -1, ID: 6, TURN IMU: objetivo=-90.0° real=-88.0° err=-2.0° corr#0"
3.851,2,Atta_2,"DEBUG: -1, ID: 2, ir_range=0.05m"
3.851,1,Atta_1,"DEBUG: -1, ID: 1, ir_range=0.05m"
3.851,4,Atta_4,"DEBUG: -1, ID: 4, ir_range=0.05m"
3.851,6,Atta_6,"DEBUG: -1, ID: 6, ir_range=0.05m"
3.851,5,Atta_5,"DEBUG: -1, ID: 5, ir_range=0.05m"
3.851,3,Atta_3,"DEBUG: -1, ID: 3, ir_range=0.05m"
3.852,10,Atta_10,"DEBUG: -1, ID: 10, ir_range=0.05m"
3.852,9,Atta_9,"DEBUG: -1, ID: 9, ir_range=0.05m"
3.852,7,Atta_7,"DEBUG: -1, ID: 7, ir_range=0.05m"
3.852,8,Atta_8,"DEBUG: -1, ID: 8, ir_range=0.05m"
4.844,3,Atta_3,"DEBUG: -1, ID: 3, Random walk: 60s"
4.844,1,Atta_1,"DEBUG: -1, ID: 1, Random walk: 60s"
4.845,2,Atta_2,"DEBUG: -1, ID: 2, Random walk: 60s"
4.845,7,Atta_7,"DEBUG: -1, ID: 7, Random walk: 60s"
4.845,5,Atta_5,"DEBUG: -1, ID: 5, Random walk: 60s"
4.845,4,Atta_4,"DEBUG: -1, ID: 4, Random walk: 60s"
4.846,8,Atta_8,"DEBUG: -1, ID: 8, Random walk: 60s"
4.846,6,Atta_6,"DEBUG: -1, ID: 6, Random walk: 60s"
4.846,10,Atta_10,"DEBUG: -1, ID: 10, Random walk: 60s"
4.846,9,Atta_9,"DEBUG: -1, ID: 9, Random walk: 60s"
5.899,1,Atta_1,"DEBUG: -1, ID: 1, MOVE interrumpido por IR — evasión +60°"
6.057,3,Atta_3,"DEBUG: -1, ID: 3, Movimiento completado"
6.057,8,Atta_8,"DEBUG: -1, ID: 8, Movimiento completado"
6.221,2,Atta_2,"DEBUG: -1, ID: 2, MOVE interrumpido por IR — evasión +60°"
6.339,5,Atta_5,"DEBUG: -1, ID: 5, Movimiento completado"
6.38,1,Atta_1,"DEBUG: -1, ID: 1, Movimiento completado"
6.537,3,Atta_3,"DEBUG: -1, ID: 3, MOVE interrumpido por IR — evasión +60°"
6.664,6,Atta_6,"DEBUG: -1, ID: 6, Movimiento completado"
6.664,9,Atta_9,"DEBUG: -1, ID: 9, Movimiento completado"
6.664,7,Atta_7,"DEBUG: -1, ID: 7, Movimiento completado"
6.665,10,Atta_10,"DEBUG: -1, ID: 10, Movimiento completado"
6.732,2,Atta_2,"DEBUG: -1, ID: 2, Movimiento completado"
6.877,4,Atta_4,"DEBUG: -1, ID: 4, MOVE interrumpido por IR — evasión +60°"
7.042,3,Atta_3,"DEBUG: -1, ID: 3, Movimiento completado"
7.209,5,Atta_5,"DEBUG: -1, ID: 5, MOVE interrumpido por IR — evasión +60°"
7.266,10,Atta_10,"DEBUG: -1, ID: 10, MOVE interrumpido por IR — evasión +60°"
7.366,4,Atta_4,"DEBUG: -1, ID: 4, Movimiento completado"
7.524,6,Atta_6,"DEBUG: -1, ID: 6, MOVE interrumpido por IR — evasión +60°"
7.551,8,Atta_8,"DEBUG: -1, ID: 8, Movimiento completado"
7.585,1,Atta_1,"DEBUG: -1, ID: 1, TURN IMU: objetivo=60.0° real=57.6° err=2.4° corr#0"
7.699,5,Atta_5,"DEBUG: -1, ID: 5, Movimiento completado"
7.768,10,Atta_10,"DEBUG: -1, ID: 10, Movimiento completado"
7.843,7,Atta_7,"DEBUG: -1, ID: 7, MOVE interrumpido por IR — evasión +60°"
7.843,9,Atta_9,"DEBUG: -1, ID: 9, TURN IMU: objetivo=-60.0° real=-57.0° err=-3.0° corr#0"
7.905,2,Atta_2,"DEBUG: -1, ID: 2, TURN IMU: objetivo=60.0° real=57.1° err=2.9° corr#0"
8.028,6,Atta_6,"DEBUG: -1, ID: 6, Movimiento completado"
8.226,3,Atta_3,"DEBUG: -1, ID: 3, TURN IMU: objetivo=60.0° real=57.1° err=2.9° corr#0"
8.309,1,Atta_1,"DEBUG: -1, ID: 1, Movimiento completado"
8.352,7,Atta_7,"DEBUG: -1, ID: 7, Movimiento completado"
8.557,4,Atta_4,"DEBUG: -1, ID: 4, TURN IMU: objetivo=60.0° real=57.1° err=2.9° corr#0"
8.656,2,Atta_2,"DEBUG: -1, ID: 2, Movimiento completado"
8.691,9,Atta_9,"DEBUG: -1, ID: 9, MOVE interrumpido por IR — evasión +60°"
8.748,8,Atta_8,"DEBUG: -1, ID: 8, TURN IMU: objetivo=-60.0° real=-57.0° err=-3.0° corr#0"
8.89,5,Atta_5,"DEBUG: -1, ID: 5, TURN IMU: objetivo=60.0° real=57.1° err=2.9° corr#0"
8.962,10,Atta_10,"DEBUG: -1, ID: 10, TURN IMU: objetivo=60.0° real=57.1° err=2.9° corr#0"
8.979,3,Atta_3,"DEBUG: -1, ID: 3, Movimiento completado"
9.183,9,Atta_9,"DEBUG: -1, ID: 9, Movimiento completado"
9.221,6,Atta_6,"DEBUG: -1, ID: 6, TURN IMU: objetivo=60.0° real=57.0° err=3.0° corr#0"
9.282,1,Atta_1,"DEBUG: -1, ID: 1, TURN IMU: objetivo=45.0° real=42.3° err=2.7° corr#0"
9.295,4,Atta_4,"DEBUG: -1, ID: 4, Movimiento completado"
9.523,7,Atta_7,"DEBUG: -1, ID: 7, TURN IMU: objetivo=60.0° real=57.1° err=2.9° corr#0"
9.619,5,Atta_5,"DEBUG: -1, ID: 5, Movimiento completado"
9.662,8,Atta_8,"DEBUG: -1, ID: 8, MOVE interrumpido por IR — evasión +60°"
9.688,10,Atta_10,"DEBUG: -1, ID: 10, Movimiento completado"
9.717,3,Atta_3,"DEBUG: -1, ID: 3, TURN IMU: objetivo=30.0° real=28.1° err=1.9° corr#0"
9.834,2,Atta_2,"DEBUG: -1, ID: 2, TURN IMU: objetivo=-60.0° real=-57.3° err=-2.7° corr#0"
9.955,6,Atta_6,"DEBUG: -1, ID: 6, Movimiento completado"
10.136,8,Atta_8,"DEBUG: -1, ID: 8, Movimiento completado"
10.246,1,Atta_1,"DEBUG: -1, ID: 1, TURN IMU: objetivo=-45.0° real=-42.2° err=-2.8° corr#0"
10.266,4,Atta_4,"DEBUG: -1, ID: 4, TURN IMU: objetivo=45.0° real=42.7° err=2.3° corr#0"
10.266,7,Atta_7,"DEBUG: -1, ID: 7, Movimiento completado"
10.376,9,Atta_9,"DEBUG: -1, ID: 9, TURN IMU: objetivo=60.0° real=57.3° err=2.7° corr#0"
10.607,5,Atta_5,"DEBUG: -1, ID: 5, TURN IMU: objetivo=45.0° real=42.7° err=2.3° corr#0"
10.677,1,Atta_1,"DEBUG: -1, ID: 1, MOVE interrumpido por IR — evasión +60°"
10.885,10,Atta_10,"DEBUG: -1, ID: 10, TURN IMU: objetivo=60.0° real=57.3° err=2.7° corr#0"
11.02,4,Atta_4,"DEBUG: -1, ID: 4, TURN IMU: objetivo=-30.0° real=-28.0° err=-2.0° corr#0"
11.11,9,Atta_9,"DEBUG: -1, ID: 9, Movimiento completado"
11.152,1,Atta_1,"DEBUG: -1, ID: 1, Movimiento completado"
11.35,8,Atta_8,"DEBUG: -1, ID: 8, TURN IMU: objetivo=60.0° real=57.3° err=2.7° corr#0"
11.381,6,Atta_6,"DEBUG: -1, ID: 6, TURN IMU: objetivo=-75.0° real=-73.0° err=-2.0° corr#0"
11.527,3,Atta_3,"DEBUG: -1, ID: 3, Movimiento completado"
11.694,6,Atta_6,"DEBUG: -1, ID: 6, MOVE interrumpido por IR — evasión -60°"
12.073,8,Atta_8,"DEBUG: -1, ID: 8, Movimiento completado"
12.198,6,Atta_6,"DEBUG: -1, ID: 6, Movimiento completado"
12.366,1,Atta_1,"DEBUG: -1, ID: 1, TURN IMU: objetivo=60.0° real=57.8° err=2.2° corr#0"
12.599,7,Atta_7,"DEBUG: -1, ID: 7, TURN IMU: objetivo=-135.0° real=-132.4° err=-2.6° corr#0"
12.744,3,Atta_3,"DEBUG: -1, ID: 3, Movimiento completado"
12.758,9,Atta_9,"DEBUG: -1, ID: 9, TURN IMU: objetivo=-90.0° real=-87.4° err=-2.6° corr#0"
12.851,2,Atta_2,"DEBUG: -1, ID: 2, TURN IMU: objetivo=180.0° real=177.3° err=2.7° corr#0"
12.929,5,Atta_5,"DEBUG: -1, ID: 5, TURN IMU: objetivo=-135.0° real=-132.4° err=-2.6° corr#0"
13.078,1,Atta_1,"DEBUG: -1, ID: 1, Movimiento completado"
13.105,4,Atta_4,"DEBUG: -1, ID: 4, Movimiento completado"
13.205,10,Atta_10,"DEBUG: -1, ID: 10, TURN IMU: objetivo=135.0° real=132.3° err=2.7° corr#0"
13.224,9,Atta_9,"DEBUG: -1, ID: 9, MOVE interrumpido por IR — evasión +60°"
13.38,6,Atta_6,"DEBUG: -1, ID: 6, TURN IMU: objetivo=-60.0° real=-57.2° err=-2.8° corr#0"
13.717,9,Atta_9,"DEBUG: -1, ID: 9, Movimiento completado"
13.812,7,Atta_7,"DEBUG: -1, ID: 7, Movimiento completado"
14.029,7,Atta_7,"DEBUG: -1, ID: 7, MOVE interrumpido por IR — evasión +60°"
14.124,6,Atta_6,"DEBUG: -1, ID: 6, Movimiento completado"
14.14,5,Atta_5,"DEBUG: -1, ID: 5, Movimiento completado"
14.184,10,Atta_10,"DEBUG: -1, ID: 10, TURN IMU: objetivo=45.0° real=42.6° err=2.4° corr#0"
14.279,1,Atta_1,"DEBUG: -1, ID: 1, TURN IMU: objetivo=60.0° real=57.9° err=2.1° corr#0"
14.515,7,Atta_7,"DEBUG: -1, ID: 7, Movimiento completado"
14.531,3,Atta_3,"DEBUG: -1, ID: 3, Movimiento completado"
14.66,2,Atta_2,"DEBUG: -1, ID: 2, Movimiento completado"
14.91,9,Atta_9,"DEBUG: -1, ID: 9, TURN IMU: objetivo=60.0° real=57.2° err=2.8° corr#0"
15.075,8,Atta_8,"DEBUG: -1, ID: 8, TURN IMU: objetivo=-180.0° real=-177.2° err=-2.8° corr#0"
15.199,4,Atta_4,"DEBUG: -1, ID: 4, Movimiento completado"
15.305,6,Atta_6,"DEBUG: -1, ID: 6, TURN IMU: objetivo=-60.0° real=-57.2° err=-2.8° corr#0"
15.43,6,Atta_6,"DEBUG: -1, ID: 6, DEADLOCK (3 evasiones) — escape comprometido +95°"
15.621,10,Atta_10,"DEBUG: -1, ID: 10, MOVE interrumpido por IR — evasión +60°"
15.636,9,Atta_9,"DEBUG: -1, ID: 9, Movimiento completado"
15.705,7,Atta_7,"DEBUG: -1, ID: 7, TURN IMU: objetivo=60.0° real=57.3° err=2.7° corr#0"
15.747,3,Atta_3,"DEBUG: -1, ID: 3, Movimiento completado"
15.794,1,Atta_1,"DEBUG: -1, ID: 1, Movimiento completado"
15.87,2,Atta_2,"DEBUG: -1, ID: 2, Movimiento completado"
16.129,10,Atta_10,"DEBUG: -1, ID: 10, Movimiento completado"
16.239,2,Atta_2,"DEBUG: -1, ID: 2, MOVE interrumpido por IR — evasión -60°"
16.349,6,Atta_6,"DEBUG: -1, ID: 6, Movimiento completado"
16.38,4,Atta_4,"DEBUG: -1, ID: 4, MOVE interrumpido por IR — evasión -60°"
16.436,7,Atta_7,"DEBUG: -1, ID: 7, Movimiento completado"
16.515,8,Atta_8,"DEBUG: -1, ID: 8, TURN IMU: objetivo=-75.0° real=-72.9° err=-2.1° corr#0"
16.62,9,Atta_9,"DEBUG: -1, ID: 9, TURN IMU: objetivo=-45.0° real=-42.7° err=-2.3° corr#0"
16.731,2,Atta_2,"DEBUG: -1, ID: 2, Movimiento completado"
16.789,9,Atta_9,"DEBUG: -1, ID: 9, DEADLOCK (3 evasiones) — escape comprometido +95°"
16.879,4,Atta_4,"DEBUG: -1, ID: 4, Movimiento completado"
17.15,5,Atta_5,"DEBUG: -1, ID: 5, TURN IMU: objetivo=180.0° real=177.3° err=2.7° corr#0"
17.166,5,Atta_5,"DEBUG: -1, ID: 5, MOVE interrumpido por IR — evasión +60°"
17.18,3,Atta_3,"DEBUG: -1, ID: 3, TURN IMU: objetivo=-75.0° real=-72.7° err=-2.3° corr#0"
17.314,10,Atta_10,"DEBUG: -1, ID: 10, TURN IMU: objetivo=60.0° real=57.3° err=2.7° corr#0"
17.355,1,Atta_1,"DEBUG: -1, ID: 1, MOVE interrumpido por IR — evasión -60°"
17.663,5,Atta_5,"DEBUG: -1, ID: 5, Movimiento completado"
17.696,9,Atta_9,"DEBUG: -1, ID: 9, Movimiento completado"
17.822,1,Atta_1,"DEBUG: -1, ID: 1, Movimiento completado"
17.931,2,Atta_2,"DEBUG: -1, ID: 2, TURN IMU: objetivo=-60.0° real=-57.1° err=-2.9° corr#0"
18.056,10,Atta_10,"DEBUG: -1, ID: 10, Movimiento completado"
18.07,4,Atta_4,"DEBUG: -1, ID: 4, TURN IMU: objetivo=-60.0° real=-57.2° err=-2.8° corr#0"
18.07,6,Atta_6,"DEBUG: -1, ID: 6, TURN IMU: objetivo=95.0° real=92.1° err=2.9° corr#0"
18.62,8,Atta_8,"DEBUG: -1, ID: 8, Movimiento completado"
18.672,2,Atta_2,"DEBUG: -1, ID: 2, Movimiento completado"
18.686,3,Atta_3,"DEBUG: -1, ID: 3, Movimiento completado"
18.798,4,Atta_4,"DEBUG: -1, ID: 4, Movimiento completado"
18.858,5,Atta_5,"DEBUG: -1, ID: 5, TURN IMU: objetivo=60.0° real=57.3° err=2.7° corr#0"
19.03,1,Atta_1,"DEBUG: -1, ID: 1, TURN IMU: objetivo=-60.0° real=-57.5° err=-2.5° corr#0"
19.194,5,Atta_5,"DEBUG: -1, ID: 5, MOVE interrumpido por IR — evasión +60°"
19.42,9,Atta_9,"DEBUG: -1, ID: 9, TURN IMU: objetivo=95.0° real=92.1° err=2.9° corr#0"
19.466,7,Atta_7,"DEBUG: -1, ID: 7, TURN IMU: objetivo=-180.0° real=-177.2° err=-2.8° corr#0"
19.509,3,Atta_3,"DEBUG: -1, ID: 3, MOVE interrumpido por IR — evasión +60°"
19.542,4,Atta_4,"DEBUG: -1, ID: 4, TURN IMU: objetivo=-30.0° real=-28.0° err=-2.0° corr#0"
19.695,5,Atta_5,"DEBUG: -1, ID: 5, Movimiento completado"
19.767,1,Atta_1,"DEBUG: -1, ID: 1, Movimiento completado"
19.817,6,Atta_6,"DEBUG: -1, ID: 6, MOVE interrumpido por IR — evasión +60°"
19.817,8,Atta_8,"DEBUG: -1, ID: 8, Movimiento completado"
20.012,3,Atta_3,"DEBUG: -1, ID: 3, Movimiento completado"
20.31,2,Atta_2,"DEBUG: -1, ID: 2, TURN IMU: objetivo=90.0° real=87.6° err=2.4° corr#0"
20.311,6,Atta_6,"DEBUG: -1, ID: 6, Movimiento completado"
20.748,4,Atta_4,"DEBUG: -1, ID: 4, Movimiento completado"
20.874,5,Atta_5,"DEBUG: -1, ID: 5, TURN IMU: objetivo=60.0° real=57.3° err=2.7° corr#0"
20.953,1,Atta_1,"DEBUG: -1, ID: 1, TURN IMU: objetivo=-60.0° real=-57.9° err=-2.1° corr#0"
20.954,7,Atta_7,"DEBUG: -1, ID: 7, Movimiento completado"
21.061,10,Atta_10,"DEBUG: -1, ID: 10, TURN IMU: objetivo=180.0° real=177.2° err=2.8° corr#0"
21.188,3,Atta_3,"DEBUG: -1, ID: 3, TURN IMU: objetivo=60.0° real=57.2° err=2.8° corr#0"
21.204,9,Atta_9,"DEBUG: -1, ID: 9, Movimiento completado"
21.321,8,Atta_8,"DEBUG: -1, ID: 8, Movimiento completado"
21.446,5,Atta_5,"DEBUG: -1, ID: 5, DEADLOCK (3 evasiones) — escape comprometido -95°"
21.493,6,Atta_6,"DEBUG: -1, ID: 6, TURN IMU: objetivo=60.0° real=57.3° err=2.7° corr#0"
21.866,6,Atta_6,"DEBUG: -1, ID: 6, MOVE interrumpido por IR — evasión +60°"
21.935,3,Atta_3,"DEBUG: -1, ID: 3, Movimiento completado"
22.12,2,Atta_2,"DEBUG: -1, ID: 2, Movimiento completado"
22.192,9,Atta_9,"DEBUG: -1, ID: 9, TURN IMU: objetivo=45.0° real=42.7° err=2.3° corr#0"
22.363,5,Atta_5,"DEBUG: -1, ID: 5, Movimiento completado"
22.363,6,Atta_6,"DEBUG: -1, ID: 6, Movimiento completado"
22.443,1,Atta_1,"DEBUG: -1, ID: 1, Movimiento completado"
22.744,7,Atta_7,"DEBUG: -1, ID: 7, Movimiento completado"
22.894,3,Atta_3,"DEBUG: -1, ID: 3, TURN IMU: objetivo=-45.0° real=-42.6° err=-2.4° corr#0"
22.928,9,Atta_9,"DEBUG: -1, ID: 9, TURN IMU: objetivo=-30.0° real=-28.0° err=-2.0° corr#0"
22.958,8,Atta_8,"DEBUG: -1, ID: 8, TURN IMU: objetivo=90.0° real=87.6° err=2.4° corr#0"
23.144,10,Atta_10,"DEBUG: -1, ID: 10, Movimiento completado"
23.197,3,Atta_3,"DEBUG: -1, ID: 3, MOVE interrumpido por IR — evasión +60°"
23.527,6,Atta_6,"DEBUG: -1, ID: 6, TURN IMU: objetivo=60.0° real=57.2° err=2.8° corr#0"
23.636,1,Atta_1,"DEBUG: -1, ID: 1, Movimiento completado"
23.686,3,Atta_3,"DEBUG: -1, ID: 3, Movimiento completado"
23.747,4,Atta_4,"DEBUG: -1, ID: 4, TURN IMU: objetivo=-180.0° real=-177.2° err=-2.8° corr#0"
23.913,2,Atta_2,"DEBUG: -1, ID: 2, Movimiento completado"
24.075,5,Atta_5,"DEBUG: -1, ID: 5, TURN IMU: objetivo=-95.0° real=-92.9° err=-2.1° corr#0"
24.259,6,Atta_6,"DEBUG: -1, ID: 6, Movimiento completado"
24.259,5,Atta_5,"DEBUG: -1, ID: 5, MOVE interrumpido por IR — evasión -60°"
24.409,7,Atta_7,"DEBUG: -1, ID: 7, TURN IMU: objetivo=-90.0° real=-87.4° err=-2.6° corr#0"
24.563,9,Atta_9,"DEBUG: -1, ID: 9, TURN IMU: objetivo=-90.0° real=-87.5° err=-2.5° corr#0"
24.764,5,Atta_5,"DEBUG: -1, ID: 5, Movimiento completado"
24.871,3,Atta_3,"DEBUG: -1, ID: 3, TURN IMU: objetivo=60.0° real=57.3° err=2.7° corr#0"
25.056,8,Atta_8,"DEBUG: -1, ID: 8, Movimiento completado"
25.147,7,Atta_7,"DEBUG: -1, ID: 7, TURN IMU: objetivo=-30.0° real=-28.1° err=-1.9° corr#0"
25.181,4,Atta_4,"DEBUG: -1, ID: 4, TURN IMU: objetivo=75.0° real=72.9° err=2.1° corr#0"
25.241,10,Atta_10,"DEBUG: -1, ID: 10, Movimiento completado"
25.393,2,Atta_2,"DEBUG: -1, ID: 2, MOVE interrumpido por IR — evasión -60°"
25.618,3,Atta_3,"DEBUG: -1, ID: 3, Movimiento completado"
25.678,7,Atta_7,"DEBUG: -1, ID: 7, MOVE interrumpido por IR — evasión +60°"
25.713,1,Atta_1,"DEBUG: -1, ID: 1, Movimiento completado"
25.888,2,Atta_2,"DEBUG: -1, ID: 2, Movimiento completado"
25.948,5,Atta_5,"DEBUG: -1, ID: 5, TURN IMU: objetivo=-60.0° real=-57.2° err=-2.8° corr#0"
26.003,9,Atta_9,"DEBUG: -1, ID: 9, TURN IMU: objetivo=75.0° real=72.9° err=2.1° corr#0"
26.175,7,Atta_7,"DEBUG: -1, ID: 7, Movimiento completado"
26.68,10,Atta_10,"DEBUG: -1, ID: 10, TURN IMU: objetivo=-75.0° real=-72.9° err=-2.1° corr#0"
26.698,4,Atta_4,"DEBUG: -1, ID: 4, Movimiento completado"
26.698,5,Atta_5,"DEBUG: -1, ID: 5, Movimiento completado"
26.716,8,Atta_8,"DEBUG: -1, ID: 8, TURN IMU: objetivo=-90.0° real=-87.5° err=-2.5° corr#0"
27.074,2,Atta_2,"DEBUG: -1, ID: 2, TURN IMU: objetivo=-60.0° real=-57.3° err=-2.7° corr#0"
27.222,1,Atta_1,"DEBUG: -1, ID: 1, Movimiento completado"
27.24,2,Atta_2,"DEBUG: -1, ID: 2, MOVE interrumpido por IR — evasión +60°"
27.289,6,Atta_6,"DEBUG: -1, ID: 6, TURN IMU: objetivo=180.0° real=177.2° err=2.8° corr#0"
27.363,7,Atta_7,"DEBUG: -1, ID: 7, TURN IMU: objetivo=60.0° real=57.3° err=2.7° corr#0"
27.72,2,Atta_2,"DEBUG: -1, ID: 2, Movimiento completado"
27.884,10,Atta_10,"DEBUG: -1, ID: 10, TURN IMU: objetivo=60.0° real=57.2° err=2.8° corr#0"
27.953,3,Atta_3,"DEBUG: -1, ID: 3, TURN IMU: objetivo=-135.0° real=-132.3° err=-2.7° corr#0"
28.116,7,Atta_7,"DEBUG: -1, ID: 7, Movimiento completado"
28.117,9,Atta_9,"DEBUG: -1, ID: 9, Movimiento completado"
28.198,4,Atta_4,"DEBUG: -1, ID: 4, Movimiento completado"
28.199,10,Atta_10,"DEBUG: -1, ID: 10, MOVE interrumpido por IR — evasión -60°"
28.256,6,Atta_6,"DEBUG: -1, ID: 6, TURN IMU: objetivo=-45.0° real=-42.6° err=-2.4° corr#0"
28.348,5,Atta_5,"DEBUG: -1, ID: 5, TURN IMU: objetivo=-90.0° real=-87.5° err=-2.5° corr#0"
28.441,1,Atta_1,"DEBUG: -1, ID: 1, TURN IMU: objetivo=60.0° real=57.7° err=2.3° corr#0"
28.515,8,Atta_8,"DEBUG: -1, ID: 8, Movimiento completado"
28.7,10,Atta_10,"DEBUG: -1, ID: 10, Movimiento completado"
28.848,1,Atta_1,"DEBUG: -1, ID: 1, MOVE interrumpido por IR — evasión +60°"
28.938,2,Atta_2,"DEBUG: -1, ID: 2, TURN IMU: objetivo=60.0° real=57.3° err=2.7° corr#0"
29.012,2,Atta_2,"DEBUG: -1, ID: 2, DEADLOCK (3 evasiones) — escape comprometido -95°"
29.079,7,Atta_7,"DEBUG: -1, ID: 7, TURN IMU: objetivo=-45.0° real=-42.6° err=-2.4° corr#0"
29.181,4,Atta_4,"DEBUG: -1, ID: 4, TURN IMU: objetivo=45.0° real=42.7° err=2.3° corr#0"
29.325,1,Atta_1,"DEBUG: -1, ID: 1, Movimiento completado"
29.325,9,Atta_9,"DEBUG: -1, ID: 9, Movimiento completado"
29.616,3,Atta_3,"DEBUG: -1, ID: 3, TURN IMU: objetivo=90.0° real=87.5° err=2.5° corr#0"
29.75,8,Atta_8,"DEBUG: -1, ID: 8, Movimiento completado"
29.784,6,Atta_6,"DEBUG: -1, ID: 6, Movimiento completado"
29.89,10,Atta_10,"DEBUG: -1, ID: 10, TURN IMU: objetivo=-60.0° real=-57.3° err=-2.7° corr#0"
29.925,2,Atta_2,"DEBUG: -1, ID: 2, Movimiento completado"
30.371,3,Atta_3,"DEBUG: -1, ID: 3, MOVE interrumpido por IR — evasión +60°"
30.527,9,Atta_9,"DEBUG: -1, ID: 9, TURN IMU: objetivo=-60.0° real=-57.3° err=-2.7° corr#0"
30.546,1,Atta_1,"DEBUG: -1, ID: 1, TURN IMU: objetivo=60.0° real=57.9° err=2.1° corr#0"
30.65,10,Atta_10,"DEBUG: -1, ID: 10, Movimiento completado"
30.687,4,Atta_4,"DEBUG: -1, ID: 4, Movimiento completado"
30.699,6,Atta_6,"DEBUG: -1, ID: 6, MOVE interrumpido por IR — evasión -60°"
30.857,3,Atta_3,"DEBUG: -1, ID: 3, Movimiento completado"
31.213,6,Atta_6,"DEBUG: -1, ID: 6, Movimiento completado"
31.258,8,Atta_8,"DEBUG: -1, ID: 8, Movimiento completado"
31.272,1,Atta_1,"DEBUG: -1, ID: 1, Movimiento completado"
31.372,5,Atta_5,"DEBUG: -1, ID: 5, TURN IMU: objetivo=180.0° real=177.2° err=2.8° corr#0"
31.426,7,Atta_7,"DEBUG: -1, ID: 7, TURN IMU: objetivo=135.0° real=132.4° err=2.6° corr#0"
31.643,2,Atta_2,"DEBUG: -1, ID: 2, TURN IMU: objetivo=-95.0° real=-92.0° err=-3.0° corr#0"
31.824,10,Atta_10,"DEBUG: -1, ID: 10, TURN IMU: objetivo=60.0° real=57.1° err=2.9° corr#0"
32.01,1,Atta_1,"DEBUG: -1, ID: 1, TURN IMU: objetivo=30.0° real=27.8° err=2.2° corr#0"
32.068,3,Atta_3,"DEBUG: -1, ID: 3, TURN IMU: objetivo=60.0° real=57.3° err=2.7° corr#0"
32.381,6,Atta_6,"DEBUG: -1, ID: 6, TURN IMU: objetivo=-60.0° real=-57.3° err=-2.7° corr#0"
32.44,8,Atta_8,"DEBUG: -1, ID: 8, Movimiento completado"
32.552,4,Atta_4,"DEBUG: -1, ID: 4, MOVE interrumpido por IR — evasión +60°"
32.572,10,Atta_10,"DEBUG: -1, ID: 10, TURN IMU: objetivo=30.0° real=28.0° err=2.0° corr#0"
32.785,3,Atta_3,"DEBUG: -1, ID: 3, Movimiento completado"
32.932,10,Atta_10,"DEBUG: -1, ID: 10, MOVE interrumpido por IR — evasión -60°"
33.039,4,Atta_4,"DEBUG: -1, ID: 4, Movimiento completado"
33.121,6,Atta_6,"DEBUG: -1, ID: 6, Movimiento completado"
33.429,10,Atta_10,"DEBUG: -1, ID: 10, Movimiento completado"
33.465,2,Atta_2,"DEBUG: -1, ID: 2, Movimiento completado"
33.538,9,Atta_9,"DEBUG: -1, ID: 9, TURN IMU: objetivo=-180.0° real=-177.2° err=-2.8° corr#0"
33.753,7,Atta_7,"DEBUG: -1, ID: 7, TURN IMU: objetivo=135.0° real=132.4° err=2.6° corr#0"
33.96,8,Atta_8,"DEBUG: -1, ID: 8, Movimiento completado"
33.994,3,Atta_3,"DEBUG: -1, ID: 3, TURN IMU: objetivo=60.0° real=57.2° err=2.8° corr#0"
34.253,4,Atta_4,"DEBUG: -1, ID: 4, TURN IMU: objetivo=60.0° real=57.2° err=2.8° corr#0"
34.394,5,Atta_5,"DEBUG: -1, ID: 5, TURN IMU: objetivo=180.0° real=177.2° err=2.8° corr#0"
34.642,10,Atta_10,"DEBUG: -1, ID: 10, TURN IMU: objetivo=-60.0° real=-58.1° err=-1.9° corr#0"
34.769,6,Atta_6,"DEBUG: -1, ID: 6, TURN IMU: objetivo=90.0° real=87.5° err=2.5° corr#0"
34.974,4,Atta_4,"DEBUG: -1, ID: 4, Movimiento completado"
34.974,7,Atta_7,"DEBUG: -1, ID: 7, Movimiento completado"
35.042,9,Atta_9,"DEBUG: -1, ID: 9, Movimiento completado"
35.071,1,Atta_1,"DEBUG: -1, ID: 1, TURN IMU: objetivo=180.0° real=177.8° err=2.2° corr#0"
35.372,10,Atta_10,"DEBUG: -1, ID: 10, Movimiento completado"
35.784,2,Atta_2,"DEBUG: -1, ID: 2, TURN IMU: objetivo=-135.0° real=-132.4° err=-2.6° corr#0"
35.784,3,Atta_3,"DEBUG: -1, ID: 3, Movimiento completado"
36.113,7,Atta_7,"DEBUG: -1, ID: 7, MOVE interrumpido por IR — evasión -60°"
36.256,9,Atta_9,"DEBUG: -1, ID: 9, Movimiento completado"
36.283,8,Atta_8,"DEBUG: -1, ID: 8, TURN IMU: objetivo=135.0° real=132.4° err=2.6° corr#0"
36.329,10,Atta_10,"DEBUG: -1, ID: 10, TURN IMU: objetivo=-45.0° real=-42.7° err=-2.3° corr#0"
36.554,1,Atta_1,"DEBUG: -1, ID: 1, Movimiento completado"
36.602,7,Atta_7,"DEBUG: -1, ID: 7, Movimiento completado"
36.736,5,Atta_5,"DEBUG: -1, ID: 5, TURN IMU: objetivo=-135.0° real=-132.4° err=-2.6° corr#0"
37.043,8,Atta_8,"DEBUG: -1, ID: 8, TURN IMU: objetivo=30.0° real=28.0° err=2.0° corr#0"
37.098,6,Atta_6,"DEBUG: -1, ID: 6, TURN IMU: objetivo=135.0° real=132.3° err=2.7° corr#0"
37.314,4,Atta_4,"DEBUG: -1, ID: 4, TURN IMU: objetivo=-135.0° real=-132.4° err=-2.6° corr#0"
37.457,9,Atta_9,"DEBUG: -1, ID: 9, Movimiento completado"
37.5,1,Atta_1,"DEBUG: -1, ID: 1, MOVE interrumpido por IR — evasión +60°"
37.601,2,Atta_2,"DEBUG: -1, ID: 2, Movimiento completado"
37.601,3,Atta_3,"DEBUG: -1, ID: 3, Movimiento completado"
37.806,7,Atta_7,"DEBUG: -1, ID: 7, TURN IMU: objetivo=-60.0° real=-57.3° err=-2.7° corr#0"
37.966,1,Atta_1,"DEBUG: -1, ID: 1, Movimiento completado"
38.06,6,Atta_6,"DEBUG: -1, ID: 6, TURN IMU: objetivo=-45.0° real=-42.6° err=-2.4° corr#0"
38.314,5,Atta_5,"DEBUG: -1, ID: 5, MOVE interrumpido por IR — evasión -60°"
38.429,10,Atta_10,"DEBUG: -1, ID: 10, Movimiento completado"
38.462,7,Atta_7,"DEBUG: -1, ID: 7, MOVE interrumpido por IR — evasión +60°"
38.64,9,Atta_9,"DEBUG: -1, ID: 9, TURN IMU: objetivo=-60.0° real=-57.3° err=-2.7° corr#0"
38.821,5,Atta_5,"DEBUG: -1, ID: 5, Movimiento completado"
38.834,8,Atta_8,"DEBUG: -1, ID: 8, Movimiento completado"
38.945,7,Atta_7,"DEBUG: -1, ID: 7, Movimiento completado"
39.164,1,Atta_1,"DEBUG: -1, ID: 1, TURN IMU: objetivo=60.0° real=57.9° err=2.1° corr#0"
39.253,6,Atta_6,"DEBUG: -1, ID: 6, TURN IMU: objetivo=60.0° real=57.2° err=2.8° corr#0"
39.394,3,Atta_3,"DEBUG: -1, ID: 3, MOVE interrumpido por IR — evasión +60°"
39.421,9,Atta_9,"DEBUG: -1, ID: 9, MOVE interrumpido por IR — evasión +60°"
39.638,4,Atta_4,"DEBUG: -1, ID: 4, TURN IMU: objetivo=-135.0° real=-132.3° err=-2.7° corr#0"
39.696,2,Atta_2,"DEBUG: -1, ID: 2, Movimiento completado"
39.894,3,Atta_3,"DEBUG: -1, ID: 3, Movimiento completado"
39.894,1,Atta_1,"DEBUG: -1, ID: 1, Movimiento completado"
39.927,10,Atta_10,"DEBUG: -1, ID: 10, Movimiento completado"
39.927,9,Atta_9,"DEBUG: -1, ID: 9, Movimiento completado"
39.997,5,Atta_5,"DEBUG: -1, ID: 5, TURN IMU: objetivo=-60.0° real=-57.3° err=-2.7° corr#0"
40.144,7,Atta_7,"DEBUG: -1, ID: 7, TURN IMU: objetivo=60.0° real=57.0° err=3.0° corr#0"
40.322,8,Atta_8,"DEBUG: -1, ID: 8, Movimiento completado"
40.362,8,Atta_8,"DEBUG: -1, ID: 8, MOVE interrumpido por IR — evasión +60°"
40.38,6,Atta_6,"DEBUG: -1, ID: 6, MOVE interrumpido por IR — evasión +60°"
40.38,10,Atta_10,"DEBUG: -1, ID: 10, MOVE interrumpido por IR — evasión -60°"
40.735,5,Atta_5,"DEBUG: -1, ID: 5, Movimiento completado"
40.848,8,Atta_8,"DEBUG: -1, ID: 8, Movimiento completado"
40.867,6,Atta_6,"DEBUG: -1, ID: 6, Movimiento completado"
40.867,7,Atta_7,"DEBUG: -1, ID: 7, Movimiento completado"
40.867,10,Atta_10,"DEBUG: -1, ID: 10, Movimiento completado"
40.887,2,Atta_2,"DEBUG: -1, ID: 2, TURN IMU: objetivo=-60.0° real=-57.2° err=-2.8° corr#0"
40.907,2,Atta_2,"DEBUG: -1, ID: 2, MOVE interrumpido por IR — evasión -60°"
41.069,3,Atta_3,"DEBUG: -1, ID: 3, TURN IMU: objetivo=60.0° real=57.3° err=2.7° corr#0"
41.107,9,Atta_9,"DEBUG: -1, ID: 9, TURN IMU: objetivo=60.0° real=57.2° err=2.8° corr#0"
41.402,2,Atta_2,"DEBUG: -1, ID: 2, Movimiento completado"
41.814,3,Atta_3,"DEBUG: -1, ID: 3, Movimiento completado"
41.848,9,Atta_9,"DEBUG: -1, ID: 9, Movimiento completado"
42.052,8,Atta_8,"DEBUG: -1, ID: 8, TURN IMU: objetivo=60.0° real=57.2° err=2.8° corr#0"
42.069,6,Atta_6,"DEBUG: -1, ID: 6, TURN IMU: objetivo=60.0° real=57.3° err=2.7° corr#0"
42.069,10,Atta_10,"DEBUG: -1, ID: 10, TURN IMU: objetivo=-60.0° real=-57.2° err=-2.8° corr#0"
42.177,5,Atta_5,"DEBUG: -1, ID: 5, TURN IMU: objetivo=75.0° real=72.9° err=2.1° corr#0"
42.312,7,Atta_7,"DEBUG: -1, ID: 7, TURN IMU: objetivo=-75.0° real=-73.0° err=-2.0° corr#0"
42.41,7,Atta_7,"DEBUG: -1, ID: 7, DEADLOCK (3 evasiones) — escape comprometido -95°"
42.597,2,Atta_2,"DEBUG: -1, ID: 2, TURN IMU: objetivo=-60.0° real=-57.2° err=-2.8° corr#0"
42.646,4,Atta_4,"DEBUG: -1, ID: 4, TURN IMU: objetivo=180.0° real=177.2° err=2.8° corr#0"
42.796,8,Atta_8,"DEBUG: -1, ID: 8, Movimiento completado"
42.813,6,Atta_6,"DEBUG: -1, ID: 6, Movimiento completado"
42.813,10,Atta_10,"DEBUG: -1, ID: 10, Movimiento completado"
42.902,4,Atta_4,"DEBUG: -1, ID: 4, MOVE interrumpido por IR — evasión -60°"
42.936,1,Atta_1,"DEBUG: -1, ID: 1, TURN IMU: objetivo=-180.0° real=-177.7° err=-2.3° corr#0"
43.072,9,Atta_9,"DEBUG: -1, ID: 9, TURN IMU: objetivo=-60.0° real=-57.3° err=-2.7° corr#0"
43.319,7,Atta_7,"DEBUG: -1, ID: 7, Movimiento completado"
43.338,2,Atta_2,"DEBUG: -1, ID: 2, Movimiento completado"
43.412,4,Atta_4,"DEBUG: -1, ID: 4, Movimiento completado"
43.549,10,Atta_10,"DEBUG: -1, ID: 10, TURN IMU: objetivo=30.0° real=28.1° err=1.9° corr#0"
43.753,8,Atta_8,"DEBUG: -1, ID: 8, TURN IMU: objetivo=-45.0° real=-42.7° err=-2.3° corr#0"
43.898,8,Atta_8,"DEBUG: -1, ID: 8, MOVE interrumpido por IR — evasión +60°"
43.917,1,Atta_1,"DEBUG: -1, ID: 1, TURN IMU: objetivo=-45.0° real=-42.2° err=-2.8° corr#0"
44.15,3,Atta_3,"DEBUG: -1, ID: 3, TURN IMU: objetivo=135.0° real=132.4° err=2.6° corr#0"
44.253,6,Atta_6,"DEBUG: -1, ID: 6, TURN IMU: objetivo=75.0° real=72.7° err=2.3° corr#0"
44.383,8,Atta_8,"DEBUG: -1, ID: 8, Movimiento completado"
44.518,5,Atta_5,"DEBUG: -1, ID: 5, TURN IMU: objetivo=-135.0° real=-132.4° err=-2.6° corr#0"
44.534,2,Atta_2,"DEBUG: -1, ID: 2, TURN IMU: objetivo=-60.0° real=-57.3° err=-2.7° corr#0"
44.596,4,Atta_4,"DEBUG: -1, ID: 4, TURN IMU: objetivo=-60.0° real=-57.2° err=-2.8° corr#0"
44.886,1,Atta_1,"DEBUG: -1, ID: 1, TURN IMU: objetivo=-45.0° real=-42.2° err=-2.8° corr#0"
45.06,7,Atta_7,"DEBUG: -1, ID: 7, TURN IMU: objetivo=-95.0° real=-93.1° err=-1.9° corr#0"
45.149,9,Atta_9,"DEBUG: -1, ID: 9, Movimiento completado"
45.33,4,Atta_4,"DEBUG: -1, ID: 4, Movimiento completado"
45.369,3,Atta_3,"DEBUG: -1, ID: 3, Movimiento completado"
45.37,10,Atta_10,"DEBUG: -1, ID: 10, Movimiento completado"
45.453,6,Atta_6,"DEBUG: -1, ID: 6, Movimiento completado"
45.586,8,Atta_8,"DEBUG: -1, ID: 8, TURN IMU: objetivo=60.0° real=57.3° err=2.7° corr#0"
45.679,1,Atta_1,"DEBUG: -1, ID: 1, MOVE interrumpido por IR — evasión -60°"
45.739,2,Atta_2,"DEBUG: -1, ID: 2, Movimiento completado"
46.159,1,Atta_1,"DEBUG: -1, ID: 1, Movimiento completado"
46.214,9,Atta_9,"DEBUG: -1, ID: 9, MOVE interrumpido por IR — evasión -60°"
46.319,5,Atta_5,"DEBUG: -1, ID: 5, Movimiento completado"
46.32,8,Atta_8,"DEBUG: -1, ID: 8, Movimiento completado"
46.706,9,Atta_9,"DEBUG: -1, ID: 9, Movimiento completado"
46.779,4,Atta_4,"DEBUG: -1, ID: 4, TURN IMU: objetivo=-75.0° real=-72.9° err=-2.1° corr#0"
46.81,3,Atta_3,"DEBUG: -1, ID: 3, TURN IMU: objetivo=-75.0° real=-72.9° err=-2.1° corr#0"
46.867,7,Atta_7,"DEBUG: -1, ID: 7, Movimiento completado"
46.994,6,Atta_6,"DEBUG: -1, ID: 6, Movimiento completado"
47.081,8,Atta_8,"DEBUG: -1, ID: 8, TURN IMU: objetivo=30.0° real=28.0° err=2.0° corr#0"
47.095,2,Atta_2,"DEBUG: -1, ID: 2, MOVE interrumpido por IR — evasión +60°"
47.174,10,Atta_10,"DEBUG: -1, ID: 10, Movimiento completado"
47.365,1,Atta_1,"DEBUG: -1, ID: 1, TURN IMU: objetivo=-60.0° real=-57.8° err=-2.2° corr#0"
47.464,10,Atta_10,"DEBUG: -1, ID: 10, MOVE interrumpido por IR — evasión +60°"
47.537,5,Atta_5,"DEBUG: -1, ID: 5, Movimiento completado"
47.588,2,Atta_2,"DEBUG: -1, ID: 2, Movimiento completado"
47.604,3,Atta_3,"DEBUG: -1, ID: 3, MOVE interrumpido por IR — evasión +60°"
47.893,9,Atta_9,"DEBUG: -1, ID: 9, TURN IMU: objetivo=-60.0° real=-57.2° err=-2.8° corr#0"
47.951,10,Atta_10,"DEBUG: -1, ID: 10, Movimiento completado"
48.08,1,Atta_1,"DEBUG: -1, ID: 1, Movimiento completado"
48.099,3,Atta_3,"DEBUG: -1, ID: 3, Movimiento completado"
48.162,6,Atta_6,"DEBUG: -1, ID: 6, Movimiento completado"
48.416,8,Atta_8,"DEBUG: -1, ID: 8, DEADLOCK (3 evasiones) — escape comprometido -95°"
48.504,7,Atta_7,"DEBUG: -1, ID: 7, TURN IMU: objetivo=-90.0° real=-87.5° err=-2.5° corr#0"
48.553,4,Atta_4,"DEBUG: -1, ID: 4, Movimiento completado"
48.61,9,Atta_9,"DEBUG: -1, ID: 9, Movimiento completado"
48.759,2,Atta_2,"DEBUG: -1, ID: 2, TURN IMU: objetivo=60.0° real=57.2° err=2.8° corr#0"
49.033,1,Atta_1,"DEBUG: -1, ID: 1, TURN IMU: objetivo=-45.0° real=-42.3° err=-2.7° corr#0"
49.133,10,Atta_10,"DEBUG: -1, ID: 10, TURN IMU: objetivo=60.0° real=57.3° err=2.7° corr#0"
49.281,3,Atta_3,"DEBUG: -1, ID: 3, TURN IMU: objetivo=60.0° real=57.1° err=2.9° corr#0"
49.304,8,Atta_8,"DEBUG: -1, ID: 8, Movimiento completado"
49.319,5,Atta_5,"DEBUG: -1, ID: 5, Movimiento completado"
49.502,2,Atta_2,"DEBUG: -1, ID: 2, Movimiento completado"
49.637,6,Atta_6,"DEBUG: -1, ID: 6, Movimiento completado"
49.865,10,Atta_10,"DEBUG: -1, ID: 10, Movimiento completado"
50.009,3,Atta_3,"DEBUG: -1, ID: 3, Movimiento completado"
50.459,1,Atta_1,"DEBUG: -1, ID: 1, TURN IMU: objetivo=75.0° real=72.2° err=2.8° corr#0"
50.459,7,Atta_7,"DEBUG: -1, ID: 7, MOVE interrumpido por IR — evasión +60°"
50.659,4,Atta_4,"DEBUG: -1, ID: 4, Movimiento completado"
50.846,10,Atta_10,"DEBUG: -1, ID: 10, TURN IMU: objetivo=-45.0° real=-42.6° err=-2.4° corr#0"
50.964,9,Atta_9,"DEBUG: -1, ID: 9, TURN IMU: objetivo=135.0° real=132.4° err=2.6° corr#0"
50.975,7,Atta_7,"DEBUG: -1, ID: 7, Movimiento completado"
50.988,5,Atta_5,"DEBUG: -1, ID: 5, TURN IMU: objetivo=90.0° real=87.6° err=2.4° corr#0"
51.03,8,Atta_8,"DEBUG: -1, ID: 8, TURN IMU: objetivo=-95.0° real=-92.0° err=-3.0° corr#0"
51.158,2,Atta_2,"DEBUG: -1, ID: 2, TURN IMU: objetivo=-90.0° real=-87.6° err=-2.4° corr#0"
51.213,3,Atta_3,"DEBUG: -1, ID: 3, TURN IMU: objetivo=-60.0° real=-57.3° err=-2.7° corr#0"
51.482,5,Atta_5,"DEBUG: -1, ID: 5, MOVE interrumpido por IR — evasión -60°"
51.483,8,Atta_8,"DEBUG: -1, ID: 8, MOVE interrumpido por IR — evasión -60°"
51.656,1,Atta_1,"DEBUG: -1, ID: 1, Movimiento completado"
51.756,6,Atta_6,"DEBUG: -1, ID: 6, Movimiento completado"
51.82,10,Atta_10,"DEBUG: -1, ID: 10, TURN IMU: objetivo=-45.0° real=-42.6° err=-2.4° corr#0"
51.975,5,Atta_5,"DEBUG: -1, ID: 5, Movimiento completado"
51.976,8,Atta_8,"DEBUG: -1, ID: 8, Movimiento completado"
52.052,10,Atta_10,"DEBUG: -1, ID: 10, MOVE interrumpido por IR — evasión +60°"
52.053,9,Atta_9,"DEBUG: -1, ID: 9, MOVE interrumpido por IR — evasión +60°"
52.141,7,Atta_7,"DEBUG: -1, ID: 7, TURN IMU: objetivo=60.0° real=57.3° err=2.7° corr#0"
52.348,2,Atta_2,"DEBUG: -1, ID: 2, Movimiento completado"
52.456,4,Atta_4,"DEBUG: -1, ID: 4, Movimiento completado"
52.551,10,Atta_10,"DEBUG: -1, ID: 10, Movimiento completado"
52.551,9,Atta_9,"DEBUG: -1, ID: 9, Movimiento completado"
52.892,7,Atta_7,"DEBUG: -1, ID: 7, Movimiento completado"
53.165,5,Atta_5,"DEBUG: -1, ID: 5, TURN IMU: objetivo=-60.0° real=-57.3° err=-2.7° corr#0"
53.166,8,Atta_8,"DEBUG: -1, ID: 8, TURN IMU: objetivo=-60.0° real=-57.3° err=-2.7° corr#0"
53.237,6,Atta_6,"DEBUG: -1, ID: 6, Movimiento completado"
53.291,3,Atta_3,"DEBUG: -1, ID: 3, Movimiento completado"
53.33,1,Atta_1,"DEBUG: -1, ID: 1, TURN IMU: objetivo=-90.0° real=-87.7° err=-2.3° corr#0"
53.744,9,Atta_9,"DEBUG: -1, ID: 9, TURN IMU: objetivo=60.0° real=57.2° err=2.8° corr#0"
53.745,10,Atta_10,"DEBUG: -1, ID: 10, TURN IMU: objetivo=60.0° real=57.2° err=2.8° corr#0"
53.888,5,Atta_5,"DEBUG: -1, ID: 5, Movimiento completado"
53.888,8,Atta_8,"DEBUG: -1, ID: 8, Movimiento completado"
54.158,2,Atta_2,"DEBUG: -1, ID: 2, Movimiento completado"
54.198,3,Atta_3,"DEBUG: -1, ID: 3, MOVE interrumpido por IR — evasión -60°"
54.239,6,Atta_6,"DEBUG: -1, ID: 6, MOVE interrumpido por IR — evasión -60°"
54.467,9,Atta_9,"DEBUG: -1, ID: 9, Movimiento completado"
54.467,10,Atta_10,"DEBUG: -1, ID: 10, Movimiento completado"
54.563,4,Atta_4,"DEBUG: -1, ID: 4, Movimiento completado"
54.684,3,Atta_3,"DEBUG: -1, ID: 3, Movimiento completado"
54.719,6,Atta_6,"DEBUG: -1, ID: 6, Movimiento completado"
54.836,1,Atta_1,"DEBUG: -1, ID: 1, Movimiento completado"
54.872,5,Atta_5,"DEBUG: -1, ID: 5, TURN IMU: objetivo=-45.0° real=-42.6° err=-2.4° corr#0"
54.873,8,Atta_8,"DEBUG: -1, ID: 8, TURN IMU: objetivo=-45.0° real=-42.7° err=-2.3° corr#0"
55.218,7,Atta_7,"DEBUG: -1, ID: 7, TURN IMU: objetivo=-135.0° real=-132.4° err=-2.6° corr#0"
55.829,8,Atta_8,"DEBUG: -1, ID: 8, MOVE interrumpido por IR — evasión +60°"
55.889,3,Atta_3,"DEBUG: -1, ID: 3, TURN IMU: objetivo=-60.0° real=-57.1° err=-2.9° corr#0"
55.926,6,Atta_6,"DEBUG: -1, ID: 6, TURN IMU: objetivo=-60.0° real=-57.3° err=-2.7° corr#0"
56.119,10,Atta_10,"DEBUG: -1, ID: 10, TURN IMU: objetivo=-90.0° real=-87.4° err=-2.6° corr#0"
56.119,9,Atta_9,"DEBUG: -1, ID: 9, TURN IMU: objetivo=-90.0° real=-87.6° err=-2.4° corr#0"
56.337,8,Atta_8,"DEBUG: -1, ID: 8, Movimiento completado"
56.362,4,Atta_4,"DEBUG: -1, ID: 4, Movimiento completado"
56.616,10,Atta_10,"DEBUG: -1, ID: 10, DEADLOCK (3 evasiones) — escape comprometido +95°"
56.628,1,Atta_1,"DEBUG: -1, ID: 1, Movimiento completado"
56.629,3,Atta_3,"DEBUG: -1, ID: 3, Movimiento completado"
56.653,6,Atta_6,"DEBUG: -1, ID: 6, Movimiento completado"
56.684,5,Atta_5,"DEBUG: -1, ID: 5, MOVE interrumpido por IR — evasión +60°"
56.712,7,Atta_7,"DEBUG: -1, ID: 7, Movimiento completado"
57.178,2,Atta_2,"DEBUG: -1, ID: 2, TURN IMU: objetivo=180.0° real=177.4° err=2.6° corr#0"
57.179,5,Atta_5,"DEBUG: -1, ID: 5, Movimiento completado"
57.502,10,Atta_10,"DEBUG: -1, ID: 10, Movimiento completado"
57.52,8,Atta_8,"DEBUG: -1, ID: 8, TURN IMU: objetivo=60.0° real=57.3° err=2.7° corr#0"
57.541,9,Atta_9,"DEBUG: -1, ID: 9, DEADLOCK (3 evasiones) — escape comprometido +95°"
57.644,6,Atta_6,"DEBUG: -1, ID: 6, TURN IMU: objetivo=45.0° real=42.6° err=2.4° corr#0"
57.983,6,Atta_6,"DEBUG: -1, ID: 6, MOVE interrumpido por IR — evasión -60°"
58.039,3,Atta_3,"DEBUG: -1, ID: 3, TURN IMU: objetivo=75.0° real=73.0° err=2.0° corr#0"
58.255,8,Atta_8,"DEBUG: -1, ID: 8, Movimiento completado"
58.361,7,Atta_7,"DEBUG: -1, ID: 7, TURN IMU: objetivo=-90.0° real=-87.4° err=-2.6° corr#0"
58.361,5,Atta_5,"DEBUG: -1, ID: 5, TURN IMU: objetivo=60.0° real=57.3° err=2.7° corr#0"
58.401,1,Atta_1,"DEBUG: -1, ID: 1, Movimiento completado"
58.44,9,Atta_9,"DEBUG: -1, ID: 9, Movimiento completado"
58.461,4,Atta_4,"DEBUG: -1, ID: 4, Movimiento completado"
58.48,6,Atta_6,"DEBUG: -1, ID: 6, Movimiento completado"
59.101,5,Atta_5,"DEBUG: -1, ID: 5, Movimiento completado"
59.244,10,Atta_10,"DEBUG: -1, ID: 10, TURN IMU: objetivo=95.0° real=93.0° err=2.0° corr#0"
59.297,2,Atta_2,"DEBUG: -1, ID: 2, Movimiento completado"
59.661,6,Atta_6,"DEBUG: -1, ID: 6, TURN IMU: objetivo=-60.0° real=-57.3° err=-2.7° corr#0"
59.9,1,Atta_1,"DEBUG: -1, ID: 1, Movimiento completado"
60.082,5,Atta_5,"DEBUG: -1, ID: 5, TURN IMU: objetivo=45.0° real=42.5° err=2.5° corr#0"
60.142,3,Atta_3,"DEBUG: -1, ID: 3, Movimiento completado"
60.157,9,Atta_9,"DEBUG: -1, ID: 9, TURN IMU: objetivo=95.0° real=92.0° err=3.0° corr#0"
60.324,6,Atta_6,"DEBUG: -1, ID: 6, DEADLOCK (3 evasiones) — escape comprometido -95°"
60.46,7,Atta_7,"DEBUG: -1, ID: 7, Movimiento completado"
60.793,4,Atta_4,"DEBUG: -1, ID: 4, TURN IMU: objetivo=-135.0° real=-132.4° err=-2.6° corr#0"
60.823,10,Atta_10,"DEBUG: -1, ID: 10, MOVE interrumpido por IR — evasión -60°"
60.905,3,Atta_3,"DEBUG: -1, ID: 3, TURN IMU: objetivo=-30.0° real=-28.0° err=-2.0° corr#0"
60.945,2,Atta_2,"DEBUG: -1, ID: 2, TURN IMU: objetivo=90.0° real=87.6° err=2.4° corr#0"
61.225,6,Atta_6,"DEBUG: -1, ID: 6, Movimiento completado"
61.263,8,Atta_8,"DEBUG: -1, ID: 8, TURN IMU: objetivo=-180.0° real=-177.2° err=-2.8° corr#0"
61.277,5,Atta_5,"DEBUG: -1, ID: 5, Movimiento completado"
61.294,10,Atta_10,"DEBUG: -1, ID: 10, Movimiento completado"
61.508,9,Atta_9,"DEBUG: -1, ID: 9, MOVE interrumpido por IR — evasión -60°"
61.696,7,Atta_7,"DEBUG: -1, ID: 7, MOVE interrumpido por IR — evasión -60°"
61.989,1,Atta_1,"DEBUG: -1, ID: 1, Movimiento completado"
62.003,9,Atta_9,"DEBUG: -1, ID: 9, Movimiento completado"
62.187,7,Atta_7,"DEBUG: -1, ID: 7, Movimiento completado"
62.493,10,Atta_10,"DEBUG: -1, ID: 10, TURN IMU: objetivo=-60.0° real=-57.2° err=-2.8° corr#0"
62.768,8,Atta_8,"DEBUG: -1, ID: 8, Movimiento completado"
62.785,5,Atta_5,"DEBUG: -1, ID: 5, Movimiento completado"
62.94,6,Atta_6,"DEBUG: -1, ID: 6, TURN IMU: objetivo=-95.0° real=-93.1° err=-1.9° corr#0"
62.979,3,Atta_3,"DEBUG: -1, ID: 3, Movimiento completado"
63.057,2,Atta_2,"DEBUG: -1, ID: 2, Movimiento completado"
63.183,9,Atta_9,"DEBUG: -1, ID: 9, TURN IMU: objetivo=-60.0° real=-57.3° err=-2.7° corr#0"
63.215,10,Atta_10,"DEBUG: -1, ID: 10, Movimiento completado"
63.381,7,Atta_7,"DEBUG: -1, ID: 7, TURN IMU: objetivo=-60.0° real=-57.2° err=-2.8° corr#0"
63.79,4,Atta_4,"DEBUG: -1, ID: 4, TURN IMU: objetivo=-180.0° real=-177.2° err=-2.8° corr#0"
63.928,9,Atta_9,"DEBUG: -1, ID: 9, Movimiento completado"
64.106,7,Atta_7,"DEBUG: -1, ID: 7, Movimiento completado"
64.2,10,Atta_10,"DEBUG: -1, ID: 10, TURN IMU: objetivo=-45.0° real=-42.7° err=-2.3° corr#0"
64.321,1,Atta_1,"DEBUG: -1, ID: 1, TURN IMU: objetivo=135.0° real=132.2° err=2.8° corr#0"
64.633,3,Atta_3,"DEBUG: -1, ID: 3, TURN IMU: objetivo=-90.0° real=-87.4° err=-2.6° corr#0"
64.676,9,Atta_9,"DEBUG: -1, ID: 9, TURN IMU: objetivo=30.0° real=28.0° err=2.0° corr#0"
64.771,6,Atta_6,"DEBUG: -1, ID: 6, Movimiento completado"
64.854,7,Atta_7,"DEBUG: -1, ID: 7, TURN IMU: objetivo=-30.0° real=-28.1° err=-1.9° corr#0"
64.87,5,Atta_5,"DEBUG: -1, ID: 5, Movimiento completado"
65.018,4,Atta_4,"DEBUG: -1, ID: 4, Movimiento completado"
65.159,2,Atta_2,"DEBUG: -1, ID: 2, Movimiento completado"
65.363,3,Atta_3,"DEBUG: -1, ID: 3, MOVE interrumpido por IR — evasión +60°"
65.395,10,Atta_10,"DEBUG: -1, ID: 10, Movimiento completado"
65.773,8,Atta_8,"DEBUG: -1, ID: 8, TURN IMU: objetivo=-180.0° real=-177.2° err=-2.8° corr#0"
65.828,1,Atta_1,"DEBUG: -1, ID: 1, Movimiento completado"
65.863,3,Atta_3,"DEBUG: -1, ID: 3, Movimiento completado"
66.061,7,Atta_7,"DEBUG: -1, ID: 7, Movimiento completado"
66.153,4,Atta_4,"DEBUG: -1, ID: 4, MOVE interrumpido por IR — evasión +60°"
66.153,10,Atta_10,"DEBUG: -1, ID: 10, TURN IMU: objetivo=-30.0° real=-28.1° err=-1.9° corr#0"
66.168,10,Atta_10,"DEBUG: -1, ID: 10, MOVE interrumpido por IR — evasión -60°"
66.183,6,Atta_6,"DEBUG: -1, ID: 6, TURN IMU: objetivo=75.0° real=72.9° err=2.1° corr#0"
66.309,9,Atta_9,"DEBUG: -1, ID: 9, TURN IMU: objetivo=90.0° real=87.5° err=2.5° corr#0"
66.37,2,Atta_2,"DEBUG: -1, ID: 2, Movimiento completado"
66.647,4,Atta_4,"DEBUG: -1, ID: 4, Movimiento completado"
66.665,10,Atta_10,"DEBUG: -1, ID: 10, Movimiento completado"
66.803,9,Atta_9,"DEBUG: -1, ID: 9, MOVE interrumpido por IR — evasión +60°"
66.968,5,Atta_5,"DEBUG: -1, ID: 5, Movimiento completado"
67.027,7,Atta_7,"DEBUG: -1, ID: 7, TURN IMU: objetivo=-45.0° real=-42.5° err=-2.5° corr#0"
67.041,3,Atta_3,"DEBUG: -1, ID: 3, TURN IMU: objetivo=60.0° real=57.2° err=2.8° corr#0"
67.297,9,Atta_9,"DEBUG: -1, ID: 9, Movimiento completado"
67.328,2,Atta_2,"DEBUG: -1, ID: 2, TURN IMU: objetivo=-45.0° real=-42.7° err=-2.3° corr#0"
67.383,6,Atta_6,"DEBUG: -1, ID: 6, Movimiento completado"
67.604,1,Atta_1,"DEBUG: -1, ID: 1, Movimiento completado"
67.66,5,Atta_5,"DEBUG: -1, ID: 5, MOVE interrumpido por IR — evasión -60°"
67.739,6,Atta_6,"DEBUG: -1, ID: 6, MOVE interrumpido por IR — evasión -60°"
67.787,3,Atta_3,"DEBUG: -1, ID: 3, Movimiento completado"
67.83,4,Atta_4,"DEBUG: -1, ID: 4, TURN IMU: objetivo=60.0° real=57.2° err=2.8° corr#0"
67.845,10,Atta_10,"DEBUG: -1, ID: 10, TURN IMU: objetivo=-60.0° real=-57.3° err=-2.7° corr#0"
68.149,5,Atta_5,"DEBUG: -1, ID: 5, Movimiento completado"
68.216,6,Atta_6,"DEBUG: -1, ID: 6, Movimiento completado"
68.494,9,Atta_9,"DEBUG: -1, ID: 9, TURN IMU: objetivo=60.0° real=57.2° err=2.8° corr#0"
68.526,7,Atta_7,"DEBUG: -1, ID: 7, Movimiento completado"
68.545,2,Atta_2,"DEBUG: -1, ID: 2, Movimiento completado"
68.564,4,Atta_4,"DEBUG: -1, ID: 4, Movimiento completado"
68.585,10,Atta_10,"DEBUG: -1, ID: 10, Movimiento completado"
68.78,8,Atta_8,"DEBUG: -1, ID: 8, TURN IMU: objetivo=-180.0° real=-177.2° err=-2.8° corr#0"
68.78,8,Atta_8,"DEBUG: -1, ID: 8, Random Walk terminado"
68.797,1,Atta_1,"DEBUG: -1, ID: 1, Movimiento completado"
68.797,1,Atta_1,"DEBUG: -1, ID: 1, Random Walk terminado"
69.216,3,Atta_3,"DEBUG: -1, ID: 3, TURN IMU: objetivo=-75.0° real=-73.0° err=-2.0° corr#0"
69.216,3,Atta_3,"DEBUG: -1, ID: 3, Random Walk terminado"
69.233,9,Atta_9,"DEBUG: -1, ID: 9, Movimiento completado"
69.233,9,Atta_9,"DEBUG: -1, ID: 9, Random Walk terminado"
69.348,5,Atta_5,"DEBUG: -1, ID: 5, TURN IMU: objetivo=-60.0° real=-57.3° err=-2.7° corr#0"
69.43,6,Atta_6,"DEBUG: -1, ID: 6, TURN IMU: objetivo=-60.0° real=-57.3° err=-2.7° corr#0"
69.756,4,Atta_4,"DEBUG: -1, ID: 4, TURN IMU: objetivo=60.0° real=57.3° err=2.7° corr#0"
69.756,4,Atta_4,"DEBUG: -1, ID: 4, Random Walk terminado"
70.087,5,Atta_5,"DEBUG: -1, ID: 5, Movimiento completado"
70.088,5,Atta_5,"DEBUG: -1, ID: 5, Random Walk terminado"
70.157,6,Atta_6,"DEBUG: -1, ID: 6, Movimiento completado"
70.157,6,Atta_6,"DEBUG: -1, ID: 6, Random Walk terminado"
70.354,7,Atta_7,"DEBUG: -1, ID: 7, Movimiento completado"
70.354,7,Atta_7,"DEBUG: -1, ID: 7, Random Walk terminado"
70.673,2,Atta_2,"DEBUG: -1, ID: 2, Movimiento completado"
70.673,2,Atta_2,"DEBUG: -1, ID: 2, Random Walk terminado"
70.931,10,Atta_10,"DEBUG: -1, ID: 10, TURN IMU: objetivo=135.0° real=132.3° err=2.7° corr#0"
70.931,10,Atta_10,"DEBUG: -1, ID: 10, Random Walk terminado"
72.888,2,Atta_2,"DEBUG: -1, ID: 2, MEET en (3400,1400), slot 8/10, anillo 405mm"
72.888,4,Atta_4,"DEBUG: -1, ID: 4, MEET en (3400,1400), slot 9/10, anillo 405mm"
72.888,5,Atta_5,"DEBUG: -1, ID: 5, MEET en (3400,1400), slot 3/10, anillo 405mm"
72.888,6,Atta_6,"DEBUG: -1, ID: 6, MEET en (3400,1400), slot 1/10, anillo 405mm"
72.888,4,Atta_4,REQUEST_POSITION
72.89,5,Atta_5,REQUEST_POSITION
72.89,2,Atta_2,REQUEST_POSITION
72.891,1,Atta_1,"DEBUG: -1, ID: 1, MEET en (3400,1400), slot 7/10, anillo 405mm"
72.892,6,Atta_6,REQUEST_POSITION
72.892,1,Atta_1,REQUEST_POSITION
72.893,3,Atta_3,"DEBUG: -1, ID: 3, MEET en (3400,1400), slot 6/10, anillo 405mm"
72.893,3,Atta_3,REQUEST_POSITION
72.893,9,Atta_9,"DEBUG: -1, ID: 9, MEET en (3400,1400), slot 4/10, anillo 405mm"
72.894,9,Atta_9,REQUEST_POSITION
72.894,8,Atta_8,"DEBUG: -1, ID: 8, MEET en (3400,1400), slot 2/10, anillo 405mm"
72.894,8,Atta_8,REQUEST_POSITION
72.895,10,Atta_10,"DEBUG: -1, ID: 10, MEET en (3400,1400), slot 0/10, anillo 405mm"
72.895,10,Atta_10,REQUEST_POSITION
72.895,7,Atta_7,"DEBUG: -1, ID: 7, MEET en (3400,1400), slot 5/10, anillo 405mm"
72.895,7,Atta_7,REQUEST_POSITION
72.911,4,Atta_4,"DEBUG: -1, ID: 4, CONGREGATION slot 9/10 → staging (3535,573)"
72.912,1,Atta_1,"DEBUG: -1, ID: 1, CONGREGATION slot 7/10 → staging (2935,704)"
72.912,3,Atta_3,"DEBUG: -1, ID: 3, CONGREGATION slot 6/10 → staging (2712,923)"
72.912,4,Atta_4,REQUEST_POSITION
72.912,1,Atta_1,REQUEST_POSITION
72.913,5,Atta_5,"DEBUG: -1, ID: 5, CONGREGATION slot 3/10 → staging (2673,1816)"
72.913,3,Atta_3,REQUEST_POSITION
72.913,5,Atta_5,REQUEST_POSITION
72.913,1,Atta_1,EKFPOSE|1|2717.0|1043.7|144.8
72.914,4,Atta_4,EKFPOSE|4|1750.0|1722.9|196.1
72.914,3,Atta_3,EKFPOSE|3|543.8|866.2|72.7
72.914,6,Atta_6,"DEBUG: -1, ID: 6, CONGREGATION slot 1/10 → staging (3152,2200)"
72.914,5,Atta_5,EKFPOSE|5|201.2|2690.5|73.5
72.914,6,Atta_6,REQUEST_POSITION
72.914,7,Atta_7,"DEBUG: -1, ID: 7, CONGREGATION slot 5/10 → staging (2585,1208)"
72.914,7,Atta_7,REQUEST_POSITION
72.915,6,Atta_6,EKFPOSE|6|1042.4|2136.7|273.2
72.915,7,Atta_7,EKFPOSE|7|530.1|2051.3|45.2
72.915,10,Atta_10,"DEBUG: -1, ID: 10, CONGREGATION slot 0/10 → staging (3462,2235)"
72.915,10,Atta_10,REQUEST_POSITION
72.915,8,Atta_8,"DEBUG: -1, ID: 8, CONGREGATION slot 2/10 → staging (2876,2053)"
72.915,10,Atta_10,EKFPOSE|10|1887.2|1905.7|299.9
72.915,8,Atta_8,REQUEST_POSITION
72.916,2,Atta_2,"DEBUG: -1, ID: 2, CONGREGATION slot 8/10 → staging (3222,581)"
72.916,2,Atta_2,REQUEST_POSITION
72.916,8,Atta_8,EKFPOSE|8|1350.8|2441.9|0.6
72.916,2,Atta_2,EKFPOSE|2|785.4|326.1|263.3
72.916,9,Atta_9,"DEBUG: -1, ID: 9, CONGREGATION slot 4/10 → staging (2571,1520)"
72.916,9,Atta_9,REQUEST_POSITION
72.916,9,Atta_9,EKFPOSE|9|1356.3|2019.9|256.7
72.926,4,Atta_4,"DEBUG: -1, ID: 4, EKF innov=33mm est=(1757,1708)"
72.926,5,Atta_5,"DEBUG: -1, ID: 5, EKF innov=29mm est=(198,2704)"
72.926,1,Atta_1,"DEBUG: -1, ID: 1, EKF innov=38mm est=(2725,1027)"
72.926,6,Atta_6,"DEBUG: -1, ID: 6, EKF innov=38mm est=(1033,2120)"
72.927,3,Atta_3,"DEBUG: -1, ID: 3, EKF innov=29mm est=(547,852)"
72.927,2,Atta_2,"DEBUG: -1, ID: 2, EKF innov=9mm est=(782,328)"
72.927,7,Atta_7,"DEBUG: -1, ID: 7, EKF innov=35mm est=(522,2067)"
72.927,10,Atta_10,"DEBUG: -1, ID: 10, EKF innov=25mm est=(1875,1909)"
72.927,8,Atta_8,"DEBUG: -1, ID: 8, EKF innov=17mm est=(1356,2449)"
72.927,9,Atta_9,"DEBUG: -1, ID: 9, EKF innov=54mm est=(1375,2039)"
73.395,8,Atta_8,"DEBUG: -1, ID: 8, TURN IMU: objetivo=-14.9° real=-12.3° err=-2.6° corr#0"
73.957,2,Atta_2,EKFPOSE|2|781.7|328.2|334.0
73.957,1,Atta_1,EKFPOSE|1|2724.8|1026.6|215.0
73.958,5,Atta_5,EKFPOSE|5|197.7|2704.4|5.9
73.958,3,Atta_3,EKFPOSE|3|547.3|852.2|3.1
73.958,7,Atta_7,EKFPOSE|7|521.8|2066.8|342.0
73.959,4,Atta_4,EKFPOSE|4|1756.8|1708.0|265.3
73.959,9,Atta_9,EKFPOSE|9|1375.5|2038.9|327.3
73.959,6,Atta_6,EKFPOSE|6|1033.1|2119.8|340.4
73.959,10,Atta_10,EKFPOSE|10|1874.8|1908.5|7.0
73.959,8,Atta_8,EKFPOSE|8|1447.7|2429.6|348.0
74.201,7,Atta_7,"DEBUG: -1, ID: 7, TURN IMU: objetivo=-67.5° real=-65.0° err=-2.5° corr#0"
74.25,3,Atta_3,"DEBUG: -1, ID: 3, TURN IMU: objetivo=-71.2° real=-68.4° err=-2.8° corr#0"
74.267,10,Atta_10,"DEBUG: -1, ID: 10, TURN IMU: objetivo=71.9° real=69.5° err=2.4° corr#0"
74.416,9,Atta_9,"DEBUG: -1, ID: 9, TURN IMU: objetivo=80.9° real=78.5° err=2.4° corr#0"
74.516,8,Atta_8,"DEBUG: -1, ID: 8, MOVE interrumpido por IR — evasión -60°"
74.528,6,Atta_6,"DEBUG: -1, ID: 6, TURN IMU: objetivo=88.5° real=86.4° err=2.2° corr#0"
74.603,5,Atta_5,"DEBUG: -1, ID: 5, TURN IMU: objetivo=-93.0° real=-90.8° err=-2.1° corr#0"
74.716,6,Atta_6,"DEBUG: -1, ID: 6, MOVE interrumpido por IR — evasión -60°"
74.741,2,Atta_2,"DEBUG: -1, ID: 2, TURN IMU: objetivo=102.7° real=99.8° err=2.8° corr#0"
75.014,8,Atta_8,"DEBUG: -1, ID: 8, Movimiento completado"
75.042,5,Atta_5,EKFPOSE|5|269.5|2686.1|345.7
75.043,6,Atta_6,EKFPOSE|6|1004.7|2121.9|356.0
75.043,3,Atta_3,EKFPOSE|3|678.1|859.2|3.1
75.043,4,Atta_4,EKFPOSE|4|1756.8|1708.0|323.7
75.043,7,Atta_7,EKFPOSE|7|654.4|2023.5|341.9
75.043,1,Atta_1,EKFPOSE|1|2724.8|1026.6|285.0
75.043,2,Atta_2,EKFPOSE|2|832.6|331.0|3.0
75.043,8,Atta_8,EKFPOSE|8|1456.8|2431.3|343.1
75.043,10,Atta_10,EKFPOSE|10|2002.0|1924.1|7.0
75.043,9,Atta_9,EKFPOSE|9|1471.0|1994.6|335.1
75.184,4,Atta_4,"DEBUG: -1, ID: 4, TURN IMU: objetivo=131.1° real=129.0° err=2.1° corr#0"
75.202,6,Atta_6,"DEBUG: -1, ID: 6, Movimiento completado"
75.61,1,Atta_1,"DEBUG: -1, ID: 1, TURN IMU: objetivo=157.8° real=155.6° err=2.2° corr#0"
75.679,9,Atta_9,"DEBUG: -1, ID: 9, MOVE interrumpido por IR — evasión +60°"
75.704,7,Atta_7,"DEBUG: -1, ID: 7, Movimiento completado"
75.704,7,Atta_7,REQUEST_POSITION
75.718,7,Atta_7,"DEBUG: -1, ID: 7, EKF innov=14mm est=(764,1985)"
75.746,3,Atta_3,"DEBUG: -1, ID: 3, Movimiento completado"
75.747,3,Atta_3,REQUEST_POSITION
75.762,3,Atta_3,"DEBUG: -1, ID: 3, EKF innov=17mm est=(798,866)"
75.762,10,Atta_10,"DEBUG: -1, ID: 10, Movimiento completado"
75.762,10,Atta_10,REQUEST_POSITION
75.78,10,Atta_10,"DEBUG: -1, ID: 10, EKF innov=134mm est=(2088,1976)"
76.086,5,Atta_5,"DEBUG: -1, ID: 5, Movimiento completado"
76.086,5,Atta_5,REQUEST_POSITION
76.103,3,Atta_3,EKFPOSE|3|855.4|867.2|1.0
76.104,4,Atta_4,EKFPOSE|4|1883.0|1615.2|323.7
76.104,2,Atta_2,EKFPOSE|2|1010.9|339.2|2.3
76.104,1,Atta_1,EKFPOSE|1|2768.9|952.7|301.2
76.105,7,Atta_7,EKFPOSE|7|825.6|1963.4|340.5
76.105,6,Atta_6,EKFPOSE|6|979.1|2123.6|299.0
76.105,5,Atta_5,"DEBUG: -1, ID: 5, EKF innov=91mm est=(413,2628)"
76.105,5,Atta_5,EKFPOSE|5|413.2|2628.2|346.8
76.105,9,Atta_9,EKFPOSE|9|1502.7|1987.6|329.1
76.106,8,Atta_8,EKFPOSE|8|1456.8|2431.3|288.1
76.106,10,Atta_10,EKFPOSE|10|2141.1|1983.9|8.7
76.165,9,Atta_9,"DEBUG: -1, ID: 9, Movimiento completado"
76.202,8,Atta_8,"DEBUG: -1, ID: 8, TURN IMU: objetivo=-60.0° real=-57.2° err=-2.8° corr#0"
76.252,2,Atta_2,"DEBUG: -1, ID: 2, Movimiento completado"
76.253,2,Atta_2,REQUEST_POSITION
76.268,2,Atta_2,"DEBUG: -1, ID: 2, EKF innov=102mm est=(1000,324)"
76.376,6,Atta_6,"DEBUG: -1, ID: 6, TURN IMU: objetivo=-60.0° real=-57.0° err=-3.0° corr#0"
76.521,5,Atta_5,"DEBUG: -1, ID: 5, TURN IMU: objetivo=-7.9° real=-5.6° err=-2.3° corr#0"
76.647,2,Atta_2,"DEBUG: -1, ID: 2, TURN IMU: objetivo=6.4° real=4.5° err=1.9° corr#0"
76.666,4,Atta_4,"DEBUG: -1, ID: 4, Movimiento completado"
76.666,4,Atta_4,REQUEST_POSITION
76.687,4,Atta_4,"DEBUG: -1, ID: 4, EKF innov=52mm est=(1940,1562)"
76.922,8,Atta_8,"DEBUG: -1, ID: 8, Movimiento completado"
76.922,8,Atta_8,REQUEST_POSITION
76.943,8,Atta_8,"DEBUG: -1, ID: 8, EKF innov=3mm est=(1494,2313)"
77.089,4,Atta_4,"DEBUG: -1, ID: 4, TURN IMU: objetivo=5.1° real=2.2° err=2.9° corr#0"
77.135,1,Atta_1,"DEBUG: -1, ID: 1, Movimiento completado"
77.135,1,Atta_1,REQUEST_POSITION
77.15,1,Atta_1,"DEBUG: -1, ID: 1, EKF innov=43mm est=(2865,827)"
77.151,6,Atta_6,"DEBUG: -1, ID: 6, Movimiento completado"
77.151,6,Atta_6,REQUEST_POSITION
77.162,6,Atta_6,"DEBUG: -1, ID: 6, EKF innov=30mm est=(1042,2006)"
77.197,1,Atta_1,EKFPOSE|1|2864.6|826.8|298.8
77.197,2,Atta_2,EKFPOSE|2|1087.4|332.7|5.6
77.197,4,Atta_4,EKFPOSE|4|1958.6|1549.5|325.7
77.197,3,Atta_3,EKFPOSE|3|1034.8|870.4|1.0
77.197,6,Atta_6,EKFPOSE|6|1042.4|2006.1|302.6
77.197,5,Atta_5,EKFPOSE|5|518.2|2592.4|341.1
77.197,7,Atta_7,EKFPOSE|7|994.7|1903.6|340.5
77.197,9,Atta_9,EKFPOSE|9|1495.3|1991.9|26.4
77.198,8,Atta_8,EKFPOSE|8|1494.2|2313.2|303.3
77.198,10,Atta_10,EKFPOSE|10|2318.4|2011.0|8.7
77.223,7,Atta_7,"DEBUG: -1, ID: 7, Movimiento completado"
77.223,7,Atta_7,REQUEST_POSITION
77.239,7,Atta_7,"DEBUG: -1, ID: 7, EKF innov=4mm est=(1001,1902)"
77.27,3,Atta_3,"DEBUG: -1, ID: 3, Movimiento completado"
77.27,3,Atta_3,REQUEST_POSITION
77.287,3,Atta_3,"DEBUG: -1, ID: 3, EKF innov=30mm est=(1046,865)"
77.288,10,Atta_10,"DEBUG: -1, ID: 10, Movimiento completado"
77.288,10,Atta_10,REQUEST_POSITION
77.307,10,Atta_10,"DEBUG: -1, ID: 10, EKF innov=48mm est=(2332,2001)"
77.367,9,Atta_9,"DEBUG: -1, ID: 9, TURN IMU: objetivo=60.0° real=57.3° err=2.7° corr#0"
77.574,1,Atta_1,"DEBUG: -1, ID: 1, TURN IMU: objetivo=-11.5° real=-8.9° err=-2.6° corr#0"
78.025,5,Atta_5,"DEBUG: -1, ID: 5, Movimiento completado"
78.025,5,Atta_5,REQUEST_POSITION
78.045,5,Atta_5,"DEBUG: -1, ID: 5, EKF innov=36mm est=(644,2542)"
78.096,9,Atta_9,"DEBUG: -1, ID: 9, Movimiento completado"
78.096,9,Atta_9,REQUEST_POSITION
78.113,9,Atta_9,"DEBUG: -1, ID: 9, EKF innov=45mm est=(1601,2066)"
78.168,2,Atta_2,"DEBUG: -1, ID: 2, Movimiento completado"
78.168,2,Atta_2,REQUEST_POSITION
78.184,8,Atta_8,"DEBUG: -1, ID: 8, TURN IMU: objetivo=62.6° real=60.6° err=2.0° corr#0"
78.184,2,Atta_2,"DEBUG: -1, ID: 2, EKF innov=40mm est=(1251,332)"
78.257,1,Atta_1,EKFPOSE|1|2912.8|722.6|295.3
78.257,2,Atta_2,EKFPOSE|2|1250.5|332.0|7.3
78.257,6,Atta_6,EKFPOSE|6|1042.4|2006.1|3.1
78.257,5,Atta_5,EKFPOSE|5|678.6|2529.9|341.6
78.257,4,Atta_4,EKFPOSE|4|2106.8|1448.4|325.7
78.257,3,Atta_3,EKFPOSE|3|1208.5|868.6|1.4
78.257,8,Atta_8,EKFPOSE|8|1505.4|2310.9|348.1
78.257,9,Atta_9,EKFPOSE|9|1600.9|2066.2|17.8
78.257,10,Atta_10,EKFPOSE|10|2489.6|2024.8|8.7
78.257,7,Atta_7,EKFPOSE|7|1161.6|1844.8|340.4
78.43,1,Atta_1,"DEBUG: -1, ID: 1, Movimiento completado"
78.43,6,Atta_6,"DEBUG: -1, ID: 6, TURN IMU: objetivo=66.2° real=63.9° err=2.2° corr#0"
78.431,1,Atta_1,REQUEST_POSITION
78.444,1,Atta_1,"DEBUG: -1, ID: 1, EKF innov=19mm est=(2930,704)"
78.444,1,Atta_1,"DEBUG: -1, ID: 1, staging listo, entrando al slot (3017.9541039305486, 828.2279103397583)"
78.54,4,Atta_4,"DEBUG: -1, ID: 4, Movimiento completado"
78.54,4,Atta_4,REQUEST_POSITION
78.56,2,Atta_2,"DEBUG: -1, ID: 2, TURN IMU: objetivo=5.4° real=3.4° err=2.0° corr#0"
78.56,4,Atta_4,"DEBUG: -1, ID: 4, EKF innov=83mm est=(2171,1417)"
78.738,7,Atta_7,"DEBUG: -1, ID: 7, Movimiento completado"
78.738,7,Atta_7,REQUEST_POSITION
78.751,7,Atta_7,"DEBUG: -1, ID: 7, EKF innov=13mm est=(1234,1821)"
78.785,3,Atta_3,"DEBUG: -1, ID: 3, Movimiento completado"
78.786,3,Atta_3,REQUEST_POSITION
78.81,3,Atta_3,"DEBUG: -1, ID: 3, EKF innov=32mm est=(1291,878)"
78.811,10,Atta_10,"DEBUG: -1, ID: 10, Movimiento completado"
78.812,10,Atta_10,REQUEST_POSITION
78.83,10,Atta_10,"DEBUG: -1, ID: 10, EKF innov=16mm est=(2580,2032)"
79.143,7,Atta_7,"DEBUG: -1, ID: 7, TURN IMU: objetivo=-6.2° real=-3.4° err=-2.8° corr#0"
79.205,10,Atta_10,"DEBUG: -1, ID: 10, TURN IMU: objetivo=6.0° real=3.4° err=2.7° corr#0"
79.306,9,Atta_9,"DEBUG: -1, ID: 9, TURN IMU: objetivo=-59.9° real=-57.2° err=-2.7° corr#0"
79.345,2,Atta_2,EKFPOSE|2|1377.0|347.8|6.9
79.346,3,Atta_3,EKFPOSE|3|1379.2|881.0|1.8
79.346,5,Atta_5,EKFPOSE|5|848.8|2473.3|341.6
79.346,4,Atta_4,EKFPOSE|4|2277.0|1345.6|326.1
79.346,1,Atta_1,EKFPOSE|1|2929.6|704.2|354.6
79.346,7,Atta_7,EKFPOSE|7|1266.0|1807.6|337.4
79.346,8,Atta_8,EKFPOSE|8|1680.9|2274.0|348.1
79.346,9,Atta_9,EKFPOSE|9|1605.8|2063.4|330.6
79.346,10,Atta_10,EKFPOSE|10|2602.0|2037.0|11.7
79.346,6,Atta_6,EKFPOSE|6|1193.0|2014.5|3.2
79.541,5,Atta_5,"DEBUG: -1, ID: 5, Movimiento completado"
79.541,5,Atta_5,REQUEST_POSITION
79.561,5,Atta_5,"DEBUG: -1, ID: 5, EKF innov=20mm est=(883,2455)"
79.705,6,Atta_6,"DEBUG: -1, ID: 6, MOVE interrumpido por IR — evasión -60°"
79.705,8,Atta_8,"DEBUG: -1, ID: 8, Movimiento completado"
79.705,8,Atta_8,REQUEST_POSITION
79.719,8,Atta_8,"DEBUG: -1, ID: 8, EKF innov=50mm est=(1749,2250)"
80.072,4,Atta_4,"DEBUG: -1, ID: 4, Movimiento completado"
80.072,4,Atta_4,REQUEST_POSITION
80.087,2,Atta_2,"DEBUG: -1, ID: 2, Movimiento completado"
80.088,2,Atta_2,REQUEST_POSITION
80.088,4,Atta_4,"DEBUG: -1, ID: 4, EKF innov=7mm est=(2379,1275)"
80.107,2,Atta_2,"DEBUG: -1, ID: 2, EKF innov=27mm est=(1505,357)"
80.187,3,Atta_3,"DEBUG: -1, ID: 3, MOVE interrumpido por IR — evasión -60°"
80.208,6,Atta_6,"DEBUG: -1, ID: 6, Movimiento completado"
80.297,2,Atta_2,"DEBUG: -1, ID: 2, MOVE interrumpido por IR — evasión -60°"
80.425,3,Atta_3,EKFPOSE|3|1478.8|884.1|1.8
80.425,4,Atta_4,EKFPOSE|4|2423.8|1244.9|325.9
80.426,2,Atta_2,EKFPOSE|2|1516.7|358.5|6.5
80.426,6,Atta_6,EKFPOSE|6|1194.2|1967.9|33.5
80.426,1,Atta_1,EKFPOSE|1|2929.6|704.2|45.8
80.426,5,Atta_5,EKFPOSE|5|1017.7|2408.9|341.0
80.426,7,Atta_7,EKFPOSE|7|1431.6|1738.8|337.4
80.426,8,Atta_8,EKFPOSE|8|1862.8|2224.9|347.8
80.426,10,Atta_10,EKFPOSE|10|2777.6|2073.3|11.7
80.426,9,Atta_9,EKFPOSE|9|1762.2|1975.5|330.7
80.462,1,Atta_1,"DEBUG: -1, ID: 1, TURN IMU: objetivo=111.0° real=108.9° err=2.1° corr#0"
80.636,7,Atta_7,"DEBUG: -1, ID: 7, Movimiento completado"
80.637,7,Atta_7,REQUEST_POSITION
80.657,7,Atta_7,"DEBUG: -1, ID: 7, EKF innov=38mm est=(1475,1727)"
80.675,3,Atta_3,"DEBUG: -1, ID: 3, Movimiento completado"
80.717,10,Atta_10,"DEBUG: -1, ID: 10, Movimiento completado"
80.717,10,Atta_10,REQUEST_POSITION
80.735,10,Atta_10,"DEBUG: -1, ID: 10, EKF innov=29mm est=(2824,2079)"
80.818,2,Atta_2,"DEBUG: -1, ID: 2, Movimiento completado"
80.832,9,Atta_9,"DEBUG: -1, ID: 9, Movimiento completado"
80.832,9,Atta_9,REQUEST_POSITION
80.846,9,Atta_9,"DEBUG: -1, ID: 9, EKF innov=89mm est=(1833,1972)"
81.02,7,Atta_7,"DEBUG: -1, ID: 7, TURN IMU: objetivo=-6.0° real=-3.4° err=-2.6° corr#0"
81.061,5,Atta_5,"DEBUG: -1, ID: 5, Movimiento completado"
81.061,5,Atta_5,REQUEST_POSITION
81.08,5,Atta_5,"DEBUG: -1, ID: 5, EKF innov=58mm est=(1120,2393)"
81.208,8,Atta_8,"DEBUG: -1, ID: 8, Movimiento completado"
81.208,8,Atta_8,REQUEST_POSITION
81.227,1,Atta_1,"DEBUG: -1, ID: 1, Movimiento completado"
81.227,1,Atta_1,REQUEST_POSITION
81.228,8,Atta_8,"DEBUG: -1, ID: 8, EKF innov=40mm est=(2003,2194)"
81.228,9,Atta_9,"DEBUG: -1, ID: 9, TURN IMU: objetivo=-8.4° real=-5.6° err=-2.8° corr#0"
81.239,1,Atta_1,"DEBUG: -1, ID: 1, EKF innov=17mm est=(3023,798)"
81.239,1,Atta_1,"DEBUG: -1, ID: 1, NAV: llegó a (3026.8,783.4)"
81.372,8,Atta_8,"DEBUG: -1, ID: 8, MOVE interrumpido por IR — evasión +60°"
81.389,6,Atta_6,"DEBUG: -1, ID: 6, TURN IMU: objetivo=-60.0° real=-57.3° err=-2.7° corr#0"
81.452,5,Atta_5,"DEBUG: -1, ID: 5, TURN IMU: objetivo=-6.0° real=-3.4° err=-2.6° corr#0"
81.48,3,Atta_3,EKFPOSE|3|1436.2|882.8|308.2
81.48,2,Atta_2,EKFPOSE|2|1454.8|351.3|320.8
81.481,4,Atta_4,EKFPOSE|4|2572.3|1144.3|325.9
81.481,5,Atta_5,EKFPOSE|5|1124.9|2391.3|338.7
81.481,7,Atta_7,EKFPOSE|7|1545.0|1694.2|334.9
81.481,6,Atta_6,EKFPOSE|6|1211.1|1965.2|350.9
81.481,8,Atta_8,EKFPOSE|8|2005.9|2193.8|345.1
81.481,10,Atta_10,EKFPOSE|10|2949.1|2105.2|12.0
81.481,9,Atta_9,EKFPOSE|9|1869.0|1948.4|326.4
81.586,4,Atta_4,"DEBUG: -1, ID: 4, Movimiento completado"
81.586,4,Atta_4,REQUEST_POSITION
81.606,4,Atta_4,"DEBUG: -1, ID: 4, EKF innov=48mm est=(2589,1122)"
81.865,8,Atta_8,"DEBUG: -1, ID: 8, Movimiento completado"
81.894,3,Atta_3,"DEBUG: -1, ID: 3, TURN IMU: objetivo=-60.0° real=-58.1° err=-1.9° corr#0"
81.992,2,Atta_2,"DEBUG: -1, ID: 2, TURN IMU: objetivo=-60.0° real=-57.1° err=-2.9° corr#0"
82.006,4,Atta_4,"DEBUG: -1, ID: 4, TURN IMU: objetivo=7.0° real=4.5° err=2.6° corr#0"
82.123,6,Atta_6,"DEBUG: -1, ID: 6, Movimiento completado"
82.123,6,Atta_6,REQUEST_POSITION
82.132,6,Atta_6,"DEBUG: -1, ID: 6, EKF innov=38mm est=(1305,1954)"
82.188,10,Atta_10,"DEBUG: -1, ID: 10, Movimiento completado"
82.189,10,Atta_10,REQUEST_POSITION
82.203,10,Atta_10,"DEBUG: -1, ID: 10, EKF innov=35mm est=(3068,2137)"
82.493,7,Atta_7,"DEBUG: -1, ID: 7, Movimiento completado"
82.493,7,Atta_7,REQUEST_POSITION
82.509,7,Atta_7,"DEBUG: -1, ID: 7, EKF innov=82mm est=(1695,1598)"
82.526,3,Atta_3,EKFPOSE|3|1499.4|788.1|303.7
82.526,4,Atta_4,EKFPOSE|4|2670.4|1074.8|329.7
82.526,5,Atta_5,EKFPOSE|5|1292.1|2326.3|338.7
82.526,6,Atta_6,EKFPOSE|6|1304.8|1954.4|4.4
82.526,2,Atta_2,EKFPOSE|2|1515.9|276.9|309.2
82.526,7,Atta_7,EKFPOSE|7|1695.1|1598.3|335.3
82.526,8,Atta_8,EKFPOSE|8|1945.4|2209.9|31.1
82.526,9,Atta_9,EKFPOSE|9|2018.4|1849.1|326.4
82.526,10,Atta_10,EKFPOSE|10|3121.2|2148.2|11.8
82.583,3,Atta_3,"DEBUG: -1, ID: 3, Movimiento completado"
82.583,3,Atta_3,REQUEST_POSITION
82.603,3,Atta_3,"DEBUG: -1, ID: 3, EKF innov=21mm est=(1500,783)"
82.64,6,Atta_6,"DEBUG: -1, ID: 6, TURN IMU: objetivo=16.3° real=13.5° err=2.8° corr#0"
82.69,2,Atta_2,"DEBUG: -1, ID: 2, Movimiento completado"
82.69,2,Atta_2,REQUEST_POSITION
82.706,2,Atta_2,"DEBUG: -1, ID: 2, EKF innov=43mm est=(1530,244)"
82.706,9,Atta_9,"DEBUG: -1, ID: 9, Movimiento completado"
82.706,9,Atta_9,REQUEST_POSITION
82.72,9,Atta_9,"DEBUG: -1, ID: 9, EKF innov=52mm est=(2044,1852)"
82.894,7,Atta_7,"DEBUG: -1, ID: 7, TURN IMU: objetivo=5.8° real=3.4° err=2.5° corr#0"
82.931,5,Atta_5,"DEBUG: -1, ID: 5, Movimiento completado"
82.932,5,Atta_5,REQUEST_POSITION
82.947,5,Atta_5,"DEBUG: -1, ID: 5, EKF innov=23mm est=(1358,2306)"
83.023,8,Atta_8,"DEBUG: -1, ID: 8, TURN IMU: objetivo=60.0° real=57.2° err=2.8° corr#0"
83.476,4,Atta_4,"DEBUG: -1, ID: 4, Movimiento completado"
83.476,4,Atta_4,REQUEST_POSITION
83.493,4,Atta_4,"DEBUG: -1, ID: 4, EKF innov=74mm est=(2825,1009)"
83.6,2,Atta_2,EKFPOSE|2|1529.8|243.5|7.5
83.6,5,Atta_5,EKFPOSE|5|1461.9|2266.1|339.0
83.6,3,Atta_3,EKFPOSE|3|1499.8|783.5|2.6
83.601,4,Atta_4,EKFPOSE|4|2824.5|1008.6|326.4
83.601,6,Atta_6,EKFPOSE|6|1466.6|1966.8|4.4
83.601,8,Atta_8,EKFPOSE|8|2017.0|2275.0|42.3
83.601,9,Atta_9,EKFPOSE|9|2169.2|1772.8|327.6
83.601,7,Atta_7,EKFPOSE|7|1805.6|1552.6|337.5
83.601,10,Atta_10,EKFPOSE|10|3296.7|2184.9|11.8
83.705,10,Atta_10,"DEBUG: -1, ID: 10, Movimiento completado"
83.705,10,Atta_10,REQUEST_POSITION
83.727,10,Atta_10,"DEBUG: -1, ID: 10, EKF innov=55mm est=(3324,2188)"
83.766,8,Atta_8,"DEBUG: -1, ID: 8, Movimiento completado"
83.766,8,Atta_8,REQUEST_POSITION
83.784,8,Atta_8,"DEBUG: -1, ID: 8, EKF innov=54mm est=(2026,2285)"
83.822,3,Atta_3,"DEBUG: -1, ID: 3, TURN IMU: objetivo=60.7° real=58.3° err=2.4° corr#0"
83.879,4,Atta_4,"DEBUG: -1, ID: 4, TURN IMU: objetivo=-7.4° real=-4.5° err=-3.0° corr#0"
84.002,2,Atta_2,"DEBUG: -1, ID: 2, TURN IMU: objetivo=66.3° real=63.9° err=2.4° corr#0"
84.143,6,Atta_6,"DEBUG: -1, ID: 6, Movimiento completado"
84.143,6,Atta_6,REQUEST_POSITION
84.156,6,Atta_6,"DEBUG: -1, ID: 6, EKF innov=63mm est=(1538,1965)"
84.184,10,Atta_10,"DEBUG: -1, ID: 10, TURN IMU: objetivo=11.0° real=9.0° err=2.0° corr#0"
84.222,9,Atta_9,"DEBUG: -1, ID: 9, Movimiento completado"
84.223,9,Atta_9,REQUEST_POSITION
84.24,9,Atta_9,"DEBUG: -1, ID: 9, EKF innov=76mm est=(2260,1740)"
84.405,7,Atta_7,"DEBUG: -1, ID: 7, Movimiento completado"
84.406,7,Atta_7,REQUEST_POSITION
84.419,7,Atta_7,"DEBUG: -1, ID: 7, EKF innov=4mm est=(1927,1502)"
84.444,5,Atta_5,"DEBUG: -1, ID: 5, Movimiento completado"
84.444,5,Atta_5,REQUEST_POSITION
84.458,5,Atta_5,"DEBUG: -1, ID: 5, EKF innov=37mm est=(1592,2205)"
84.526,6,Atta_6,"DEBUG: -1, ID: 6, TURN IMU: objetivo=6.0° real=3.4° err=2.6° corr#0"
84.687,3,Atta_3,EKFPOSE|3|1644.8|790.0|2.6
84.687,4,Atta_4,EKFPOSE|4|2936.0|934.5|326.4
84.687,5,Atta_5,EKFPOSE|5|1626.5|2191.0|338.4
84.687,2,Atta_2,EKFPOSE|2|1640.7|266.7|11.6
84.687,6,Atta_6,EKFPOSE|6|1563.9|1968.4|7.0
84.687,10,Atta_10,EKFPOSE|10|3401.2|2217.1|20.5
84.687,9,Atta_9,"DEBUG: -1, ID: 9, TURN IMU: objetivo=-10.5° real=-7.9° err=-2.7° corr#0"
84.687,8,Atta_8,EKFPOSE|8|2026.0|2284.9|348.5
84.687,9,Atta_9,EKFPOSE|9|2259.6|1740.0|320.6
84.688,7,Atta_7,EKFPOSE|7|1969.4|1484.9|337.6
84.714,4,Atta_4,"DEBUG: -1, ID: 4, MOVE interrumpido por IR — evasión +60°"
84.743,10,Atta_10,"DEBUG: -1, ID: 10, Movimiento completado"
84.743,10,Atta_10,REQUEST_POSITION
84.761,10,Atta_10,"DEBUG: -1, ID: 10, EKF innov=40mm est=(3411,2214)"
84.933,8,Atta_8,"DEBUG: -1, ID: 8, TURN IMU: objetivo=-56.0° real=-53.8° err=-2.2° corr#0"
85.226,4,Atta_4,"DEBUG: -1, ID: 4, Movimiento completado"
85.317,3,Atta_3,"DEBUG: -1, ID: 3, Movimiento completado"
85.317,3,Atta_3,REQUEST_POSITION
85.334,3,Atta_3,"DEBUG: -1, ID: 3, EKF innov=29mm est=(1749,780)"
85.409,10,Atta_10,"DEBUG: -1, ID: 10, TURN IMU: objetivo=22.2° real=20.2° err=2.0° corr#0"
85.532,2,Atta_2,"DEBUG: -1, ID: 2, Movimiento completado"
85.532,2,Atta_2,REQUEST_POSITION
85.546,2,Atta_2,"DEBUG: -1, ID: 2, EKF innov=29mm est=(1779,281)"
85.723,6,Atta_6,"DEBUG: -1, ID: 6, DEADLOCK (3 evasiones) — escape comprometido -95°"
85.774,2,Atta_2,EKFPOSE|2|1778.6|280.7|13.0
85.774,3,Atta_3,EKFPOSE|3|1748.8|780.1|10.2
85.774,6,Atta_6,EKFPOSE|6|1725.0|1988.2|7.3
85.775,4,Atta_4,EKFPOSE|4|2873.7|979.6|359.9
85.775,5,Atta_5,EKFPOSE|5|1793.3|2125.1|338.4
85.775,7,Atta_7,EKFPOSE|7|2135.2|1416.5|337.6
85.775,10,Atta_10,EKFPOSE|10|3456.4|2252.8|40.7
85.775,8,Atta_8,EKFPOSE|8|2162.6|2257.0|348.4
85.775,9,Atta_9,EKFPOSE|9|2398.2|1626.1|320.6
85.806,3,Atta_3,"DEBUG: -1, ID: 3, TURN IMU: objetivo=11.2° real=9.0° err=2.2° corr#0"
85.833,10,Atta_10,"DEBUG: -1, ID: 10, Movimiento completado"
85.833,10,Atta_10,REQUEST_POSITION
85.848,10,Atta_10,"DEBUG: -1, ID: 10, EKF innov=30mm est=(3468,2253)"
85.848,10,Atta_10,"DEBUG: -1, ID: 10, staging listo, entrando al slot (3450.961773796215, 2085.773495280689)"
85.914,2,Atta_2,"DEBUG: -1, ID: 2, TURN IMU: objetivo=6.0° real=3.4° err=2.6° corr#0"
85.914,7,Atta_7,"DEBUG: -1, ID: 7, Movimiento completado"
85.914,7,Atta_7,REQUEST_POSITION
85.933,7,Atta_7,"DEBUG: -1, ID: 7, EKF innov=63mm est=(2150,1395)"
85.975,5,Atta_5,"DEBUG: -1, ID: 5, Movimiento completado"
85.975,5,Atta_5,REQUEST_POSITION
85.995,5,Atta_5,"DEBUG: -1, ID: 5, EKF innov=11mm est=(1827,2114)"
86.186,9,Atta_9,"DEBUG: -1, ID: 9, Movimiento completado"
86.186,9,Atta_9,REQUEST_POSITION
86.199,9,Atta_9,"DEBUG: -1, ID: 9, EKF innov=26mm est=(2456,1576)"
86.424,4,Atta_4,"DEBUG: -1, ID: 4, TURN IMU: objetivo=60.0° real=57.3° err=2.7° corr#0"
86.438,8,Atta_8,"DEBUG: -1, ID: 8, Movimiento completado"
86.439,8,Atta_8,REQUEST_POSITION
86.453,8,Atta_8,"DEBUG: -1, ID: 8, EKF innov=32mm est=(2265,2233)"
86.615,6,Atta_6,"DEBUG: -1, ID: 6, Movimiento completado"
86.727,9,Atta_9,"DEBUG: -1, ID: 9, TURN IMU: objetivo=14.8° real=12.3° err=2.5° corr#0"
86.833,4,Atta_4,EKFPOSE|4|2940.1|1005.4|21.2
86.833,6,Atta_6,EKFPOSE|6|1583.8|1969.7|352.9
86.833,2,Atta_2,EKFPOSE|2|1927.8|314.5|12.4
86.833,3,Atta_3,EKFPOSE|3|1919.7|810.9|10.2
86.833,5,Atta_5,EKFPOSE|5|1960.0|2062.1|338.6
86.833,7,Atta_7,EKFPOSE|7|2289.2|1336.9|337.4
86.833,9,Atta_9,EKFPOSE|9|2473.8|1566.7|332.5
86.833,8,Atta_8,EKFPOSE|8|2329.4|2220.5|348.7
86.833,10,Atta_10,EKFPOSE|10|3467.9|2253.2|335.2
87.168,4,Atta_4,"DEBUG: -1, ID: 4, Movimiento completado"
87.168,4,Atta_4,REQUEST_POSITION
87.175,4,Atta_4,"DEBUG: -1, ID: 4, EKF innov=88mm est=(2968,1023)"
87.271,3,Atta_3,"DEBUG: -1, ID: 3, Movimiento completado"
87.272,3,Atta_3,REQUEST_POSITION
87.273,9,Atta_9,"DEBUG: -1, ID: 9, Movimiento completado"
87.274,9,Atta_9,REQUEST_POSITION
87.294,3,Atta_3,"DEBUG: -1, ID: 3, EKF innov=39mm est=(1990,826)"
87.295,9,Atta_9,"DEBUG: -1, ID: 9, EKF innov=43mm est=(2545,1542)"
87.421,2,Atta_2,"DEBUG: -1, ID: 2, Movimiento completado"
87.421,2,Atta_2,REQUEST_POSITION
87.422,7,Atta_7,"DEBUG: -1, ID: 7, Movimiento completado"
87.422,7,Atta_7,REQUEST_POSITION
87.438,2,Atta_2,"DEBUG: -1, ID: 2, EKF innov=22mm est=(2029,336)"
87.438,7,Atta_7,"DEBUG: -1, ID: 7, EKF innov=42mm est=(2378,1305)"
87.466,5,Atta_5,"DEBUG: -1, ID: 5, Movimiento completado"
87.466,5,Atta_5,REQUEST_POSITION
87.479,5,Atta_5,"DEBUG: -1, ID: 5, EKF innov=15mm est=(2062,2021)"
87.804,7,Atta_7,"DEBUG: -1, ID: 7, TURN IMU: objetivo=-5.5° real=-3.4° err=-2.2° corr#0"
87.898,3,Atta_3,EKFPOSE|3|2087.9|842.4|9.5
87.899,2,Atta_2,EKFPOSE|2|2103.8|351.4|11.5
87.899,7,Atta_7,EKFPOSE|7|2390.3|1298.8|333.9
87.899,5,Atta_5,EKFPOSE|5|2125.5|1995.9|338.7
87.899,4,Atta_4,EKFPOSE|4|2968.2|1022.6|331.5
87.899,9,Atta_9,EKFPOSE|9|2544.5|1542.0|297.1
87.899,8,Atta_8,EKFPOSE|8|2505.3|2185.5|348.7
87.899,10,Atta_10,EKFPOSE|10|3467.9|2253.2|264.6
87.899,6,Atta_6,EKFPOSE|6|1583.8|1969.7|282.3
87.937,8,Atta_8,"DEBUG: -1, ID: 8, Movimiento completado"
87.937,8,Atta_8,REQUEST_POSITION
87.954,8,Atta_8,"DEBUG: -1, ID: 8, EKF innov=18mm est=(2514,2183)"
88.179,9,Atta_9,"DEBUG: -1, ID: 9, TURN IMU: objetivo=-38.7° real=-35.9° err=-2.8° corr#0"
88.215,9,Atta_9,"DEBUG: -1, ID: 9, MOVE interrumpido por IR — evasión +60°"
88.249,10,Atta_10,"DEBUG: -1, ID: 10, TURN IMU: objetivo=-139.3° real=-136.8° err=-2.5° corr#0"
88.295,4,Atta_4,"DEBUG: -1, ID: 4, TURN IMU: objetivo=-56.0° real=-53.8° err=-2.2° corr#0"
88.337,6,Atta_6,"DEBUG: -1, ID: 6, TURN IMU: objetivo=-95.0° real=-93.0° err=-2.0° corr#0"
88.353,6,Atta_6,"DEBUG: -1, ID: 6, MOVE interrumpido por IR — evasión -60°"
88.371,8,Atta_8,"DEBUG: -1, ID: 8, TURN IMU: objetivo=-8.8° real=-6.7° err=-2.1° corr#0"
88.704,9,Atta_9,"DEBUG: -1, ID: 9, Movimiento completado"
88.818,3,Atta_3,"DEBUG: -1, ID: 3, Movimiento completado"
88.818,3,Atta_3,REQUEST_POSITION
88.836,3,Atta_3,"DEBUG: -1, ID: 3, EKF innov=71mm est=(2244,847)"
88.866,6,Atta_6,"DEBUG: -1, ID: 6, Movimiento completado"
88.958,2,Atta_2,"DEBUG: -1, ID: 2, Movimiento completado"
88.958,2,Atta_2,REQUEST_POSITION
88.978,3,Atta_3,EKFPOSE|3|2243.5|847.4|14.2
88.978,2,Atta_2,"DEBUG: -1, ID: 2, EKF innov=14mm est=(2278,387)"
88.978,5,Atta_5,EKFPOSE|5|2292.6|1930.8|338.7
88.978,4,Atta_4,EKFPOSE|4|3063.7|960.6|327.0
88.978,6,Atta_6,EKFPOSE|6|1577.5|2049.2|266.8
88.978,2,Atta_2,EKFPOSE|2|2278.4|386.5|11.0
88.978,7,Atta_7,EKFPOSE|7|2551.4|1219.9|333.9
88.978,9,Atta_9,EKFPOSE|9|2501.5|1605.7|322.1
88.978,8,Atta_8,EKFPOSE|8|2609.1|2152.8|342.1
88.978,10,Atta_10,EKFPOSE|10|3453.8|2131.6|263.4
88.996,5,Atta_5,"DEBUG: -1, ID: 5, Movimiento completado"
88.996,5,Atta_5,REQUEST_POSITION
89.016,5,Atta_5,"DEBUG: -1, ID: 5, EKF innov=25mm est=(2294,1935)"
89.077,10,Atta_10,"DEBUG: -1, ID: 10, Movimiento completado"
89.077,10,Atta_10,REQUEST_POSITION
89.1,10,Atta_10,"DEBUG: -1, ID: 10, EKF innov=33mm est=(3454,2123)"
89.216,7,Atta_7,"DEBUG: -1, ID: 7, Movimiento completado"
89.217,7,Atta_7,REQUEST_POSITION
89.232,3,Atta_3,"DEBUG: -1, ID: 3, TURN IMU: objetivo=7.6° real=5.6° err=1.9° corr#0"
89.232,7,Atta_7,"DEBUG: -1, ID: 7, EKF innov=11mm est=(2588,1205)"
89.232,7,Atta_7,"DEBUG: -1, ID: 7, staging listo, entrando al slot (2730.641692243401, 1242.387040332428)"
89.463,10,Atta_10,"DEBUG: -1, ID: 10, TURN IMU: objetivo=-5.7° real=-3.4° err=-2.3° corr#0"
89.802,4,Atta_4,"DEBUG: -1, ID: 4, Movimiento completado"
89.803,4,Atta_4,REQUEST_POSITION
89.818,4,Atta_4,"DEBUG: -1, ID: 4, EKF innov=40mm est=(3187,892)"
89.819,10,Atta_10,"DEBUG: -1, ID: 10, Movimiento completado"
89.819,10,Atta_10,REQUEST_POSITION
89.834,10,Atta_10,"DEBUG: -1, ID: 10, EKF innov=66mm est=(3445,2075)"
89.834,10,Atta_10,"DEBUG: -1, ID: 10, NAV: llegó a (3455.1,2129.4)"
89.888,8,Atta_8,"DEBUG: -1, ID: 8, Movimiento completado"
89.888,8,Atta_8,REQUEST_POSITION
89.907,8,Atta_8,"DEBUG: -1, ID: 8, EKF innov=60mm est=(2745,2119)"
89.907,9,Atta_9,"DEBUG: -1, ID: 9, TURN IMU: objetivo=60.0° real=57.3° err=2.7° corr#0"
90.067,8,Atta_8,EKFPOSE|8|2745.2|2119.5|332.8
90.067,5,Atta_5,EKFPOSE|5|2456.4|1872.1|338.8
90.068,3,Atta_3,EKFPOSE|3|2376.0|881.0|14.2
90.068,2,Atta_2,EKFPOSE|2|2453.8|419.7|10.3
90.068,4,Atta_4,EKFPOSE|4|3187.4|892.0|316.2
90.068,6,Atta_6,"DEBUG: -1, ID: 6, TURN IMU: objetivo=-60.0° real=-57.2° err=-2.8° corr#0"
90.068,7,Atta_7,EKFPOSE|7|2587.8|1205.0|8.8
90.068,6,Atta_6,EKFPOSE|6|1577.5|2049.2|217.4
90.068,9,Atta_9,EKFPOSE|9|2527.1|1606.3|1.4
90.096,7,Atta_7,"DEBUG: -1, ID: 7, TURN IMU: objetivo=37.7° real=34.8° err=2.9° corr#0"
90.326,4,Atta_4,"DEBUG: -1, ID: 4, TURN IMU: objetivo=-13.7° real=-11.2° err=-2.5° corr#0"
90.401,8,Atta_8,"DEBUG: -1, ID: 8, TURN IMU: objetivo=-13.4° real=-11.2° err=-2.1° corr#0"
90.513,2,Atta_2,"DEBUG: -1, ID: 2, Movimiento completado"
90.513,2,Atta_2,REQUEST_POSITION
90.534,5,Atta_5,"DEBUG: -1, ID: 5, Movimiento completado"
90.538,3,Atta_3,"DEBUG: -1, ID: 3, MOVE interrumpido por IR — evasión +60°"
90.539,5,Atta_5,REQUEST_POSITION
90.541,2,Atta_2,"DEBUG: -1, ID: 2, EKF innov=94mm est=(2545,422)"
90.551,5,Atta_5,"DEBUG: -1, ID: 5, EKF innov=21mm est=(2528,1850)"
90.65,9,Atta_9,"DEBUG: -1, ID: 9, Movimiento completado"
90.65,9,Atta_9,REQUEST_POSITION
90.665,9,Atta_9,"DEBUG: -1, ID: 9, EKF innov=37mm est=(2622,1617)"
90.802,6,Atta_6,"DEBUG: -1, ID: 6, Movimiento completado"
90.802,6,Atta_6,REQUEST_POSITION
90.82,6,Atta_6,"DEBUG: -1, ID: 6, EKF innov=23mm est=(1481,1981)"
90.894,7,Atta_7,"DEBUG: -1, ID: 7, Movimiento completado"
90.894,7,Atta_7,REQUEST_POSITION
90.91,7,Atta_7,"DEBUG: -1, ID: 7, EKF innov=39mm est=(2713,1216)"
90.953,2,Atta_2,"DEBUG: -1, ID: 2, TURN IMU: objetivo=9.5° real=6.7° err=2.8° corr#0"
91.015,3,Atta_3,"DEBUG: -1, ID: 3, Movimiento completado"
91.151,2,Atta_2,EKFPOSE|2|2574.6|430.2|15.5
91.151,3,Atta_3,EKFPOSE|3|2373.0|871.5|28.6
91.151,7,Atta_7,EKFPOSE|7|2712.8|1216.2|24.1
91.151,5,Atta_5,EKFPOSE|5|2621.4|1813.9|339.0
91.151,4,Atta_4,EKFPOSE|4|3286.0|797.4|316.2
91.151,9,Atta_9,EKFPOSE|9|2622.2|1617.0|330.2
91.151,8,Atta_8,EKFPOSE|8|2852.9|2061.4|331.7
91.152,6,Atta_6,EKFPOSE|6|1481.1|1981.0|238.2
91.398,5,Atta_5,"DEBUG: -1, ID: 5, Movimiento completado"
91.399,5,Atta_5,REQUEST_POSITION
91.415,5,Atta_5,"DEBUG: -1, ID: 5, EKF innov=31mm est=(2662,1808)"
91.416,5,Atta_5,"DEBUG: -1, ID: 5, staging listo, entrando al slot (2802.9705438947867, 1741.2304467081779)"
91.449,8,Atta_8,"DEBUG: -1, ID: 8, Movimiento completado"
91.449,8,Atta_8,REQUEST_POSITION
91.462,8,Atta_8,"DEBUG: -1, ID: 8, EKF innov=51mm est=(2893,2028)"
91.812,4,Atta_4,"DEBUG: -1, ID: 4, Movimiento completado"
91.812,4,Atta_4,REQUEST_POSITION
91.83,4,Atta_4,"DEBUG: -1, ID: 4, EKF innov=24mm est=(3370,713)"
91.889,5,Atta_5,"DEBUG: -1, ID: 5, TURN IMU: objetivo=-12.0° real=-10.1° err=-1.9° corr#0"
91.928,7,Atta_7,"DEBUG: -1, ID: 7, TURN IMU: objetivo=48.9° real=46.0° err=2.9° corr#0"
92.218,3,Atta_3,"DEBUG: -1, ID: 3, TURN IMU: objetivo=60.0° real=57.2° err=2.8° corr#0"
92.218,6,Atta_6,EKFPOSE|6|1481.1|1981.0|308.8
92.218,4,Atta_4,"DEBUG: -1, ID: 4, TURN IMU: objetivo=5.7° real=3.4° err=2.3° corr#0"
92.218,5,Atta_5,EKFPOSE|5|2708.5|1780.6|329.5
92.218,2,Atta_2,EKFPOSE|2|2746.8|477.0|14.8
92.219,7,Atta_7,EKFPOSE|7|2741.0|1255.5|54.4
92.219,4,Atta_4,EKFPOSE|4|3369.6|713.2|319.4
92.219,3,Atta_3,EKFPOSE|3|2373.0|871.5|78.0
92.219,9,Atta_9,EKFPOSE|9|2622.2|1617.0|259.6
92.219,8,Atta_8,EKFPOSE|8|2892.9|2027.7|21.0
92.265,7,Atta_7,"DEBUG: -1, ID: 7, Movimiento completado"
92.265,7,Atta_7,REQUEST_POSITION
92.279,7,Atta_7,"DEBUG: -1, ID: 7, EKF innov=3mm est=(2746,1262)"
92.279,7,Atta_7,"DEBUG: -1, ID: 7, NAV: llegó a (2748.5,1264.6)"
92.474,2,Atta_2,"DEBUG: -1, ID: 2, Movimiento completado"
92.474,2,Atta_2,REQUEST_POSITION
92.491,2,Atta_2,"DEBUG: -1, ID: 2, EKF innov=78mm est=(2798,479)"
92.632,9,Atta_9,"DEBUG: -1, ID: 9, TURN IMU: objetivo=-110.8° real=-108.8° err=-2.0° corr#0"
92.852,5,Atta_5,"DEBUG: -1, ID: 5, Movimiento completado"
92.852,5,Atta_5,REQUEST_POSITION
92.865,5,Atta_5,"DEBUG: -1, ID: 5, EKF innov=46mm est=(2794,1722)"
92.934,3,Atta_3,"DEBUG: -1, ID: 3, Movimiento completado"
92.934,3,Atta_3,REQUEST_POSITION
92.948,3,Atta_3,"DEBUG: -1, ID: 3, EKF innov=39mm est=(2405,983)"
92.979,9,Atta_9,"DEBUG: -1, ID: 9, MOVE interrumpido por IR — evasión -60°"
93.272,3,Atta_3,EKFPOSE|3|2405.3|983.0|56.4
93.272,2,Atta_2,EKFPOSE|2|2926.3|513.4|14.5
93.272,6,Atta_6,EKFPOSE|6|1481.1|1981.0|6.0
93.272,4,Atta_4,"DEBUG: -1, ID: 4, Movimiento completado"
93.272,5,Atta_5,EKFPOSE|5|2794.4|1721.6|358.8
93.272,4,Atta_4,REQUEST_POSITION
93.272,4,Atta_4,EKFPOSE|4|3505.8|596.5|319.4
93.273,8,Atta_8,EKFPOSE|8|2892.9|2027.7|82.6
93.273,9,Atta_9,EKFPOSE|9|2622.2|1604.9|247.9
93.292,4,Atta_4,"DEBUG: -1, ID: 4, EKF innov=17mm est=(3504,591)"
93.292,4,Atta_4,"DEBUG: -1, ID: 4, staging listo, entrando al slot (3510.536947198986, 721.2776911564803)"
93.407,6,Atta_6,"DEBUG: -1, ID: 6, TURN IMU: objetivo=151.1° real=149.2° err=2.0° corr#0"
93.469,8,Atta_8,"DEBUG: -1, ID: 8, TURN IMU: objetivo=113.3° real=111.0° err=2.3° corr#0"
93.482,9,Atta_9,"DEBUG: -1, ID: 9, Movimiento completado"
93.798,8,Atta_8,"DEBUG: -1, ID: 8, Movimiento completado"
93.798,8,Atta_8,REQUEST_POSITION
93.816,8,Atta_8,"DEBUG: -1, ID: 8, EKF innov=52mm est=(2905,2075)"
94.001,2,Atta_2,"DEBUG: -1, ID: 2, Movimiento completado"
94.002,2,Atta_2,REQUEST_POSITION
94.017,2,Atta_2,"DEBUG: -1, ID: 2, EKF innov=20mm est=(3045,543)"
94.357,4,Atta_4,EKFPOSE|4|3504.2|590.8|28.5
94.358,5,Atta_5,EKFPOSE|5|2794.4|1721.6|63.9
94.358,3,Atta_3,EKFPOSE|3|2405.3|983.0|354.7
94.358,2,Atta_2,EKFPOSE|2|3099.9|556.6|13.6
94.358,6,Atta_6,EKFPOSE|6|1639.6|1997.7|6.0
94.358,9,Atta_9,EKFPOSE|9|2635.1|1636.5|190.7
94.358,8,Atta_8,EKFPOSE|8|2904.6|2074.5|117.3
94.557,3,Atta_3,"DEBUG: -1, ID: 3, TURN IMU: objetivo=-85.8° real=-83.0° err=-2.8° corr#0"
94.599,5,Atta_5,"DEBUG: -1, ID: 5, TURN IMU: objetivo=97.2° real=94.2° err=3.0° corr#0"
94.681,9,Atta_9,"DEBUG: -1, ID: 9, TURN IMU: objetivo=-60.0° real=-57.2° err=-2.8° corr#0"
94.907,6,Atta_6,"DEBUG: -1, ID: 6, Movimiento completado"
94.907,6,Atta_6,REQUEST_POSITION
94.924,2,Atta_2,"DEBUG: -1, ID: 2, Movimiento completado"
94.924,2,Atta_2,REQUEST_POSITION
94.924,5,Atta_5,"DEBUG: -1, ID: 5, Movimiento completado"
94.925,5,Atta_5,REQUEST_POSITION
94.925,6,Atta_6,"DEBUG: -1, ID: 6, EKF innov=33mm est=(1722,2005)"
94.942,3,Atta_3,"DEBUG: -1, ID: 3, MOVE interrumpido por IR — evasión +60°"
94.943,5,Atta_5,"DEBUG: -1, ID: 5, EKF innov=17mm est=(2816,1769)"
94.943,2,Atta_2,"DEBUG: -1, ID: 2, EKF innov=35mm est=(3185,581)"
94.943,5,Atta_5,"DEBUG: -1, ID: 5, NAV: llegó a (2803.5,1761.7)"
95.349,8,Atta_8,"DEBUG: -1, ID: 8, TURN IMU: objetivo=81.0° real=78.5° err=2.4° corr#0"
95.428,9,Atta_9,"DEBUG: -1, ID: 9, Movimiento completado"
95.429,9,Atta_9,REQUEST_POSITION
95.445,3,Atta_3,"DEBUG: -1, ID: 3, Movimiento completado"
95.445,4,Atta_4,EKFPOSE|4|3504.2|590.8|87.9
95.445,2,Atta_2,EKFPOSE|2|3184.7|581.1|1.1
95.445,6,Atta_6,EKFPOSE|6|1807.3|2013.8|6.2
95.445,3,Atta_3,EKFPOSE|3|2388.3|984.9|354.4
95.446,8,Atta_8,EKFPOSE|8|2891.2|2079.2|161.0
95.446,9,Atta_9,"DEBUG: -1, ID: 9, EKF innov=15mm est=(2517,1617)"
95.446,9,Atta_9,EKFPOSE|9|2516.8|1616.8|191.1
95.463,2,Atta_2,"DEBUG: -1, ID: 2, TURN IMU: objetivo=-14.7° real=-12.3° err=-2.3° corr#0"
95.586,4,Atta_4,"DEBUG: -1, ID: 4, TURN IMU: objetivo=131.2° real=129.0° err=2.2° corr#0"
95.642,8,Atta_8,"DEBUG: -1, ID: 8, Movimiento completado"
95.642,8,Atta_8,REQUEST_POSITION
95.665,8,Atta_8,"DEBUG: -1, ID: 8, EKF innov=46mm est=(2851,2088)"
95.824,2,Atta_2,"DEBUG: -1, ID: 2, Movimiento completado"
95.824,2,Atta_2,REQUEST_POSITION
95.84,2,Atta_2,"DEBUG: -1, ID: 2, EKF innov=49mm est=(3240,580)"
95.84,2,Atta_2,"DEBUG: -1, ID: 2, staging listo, entrando al slot (3254.092958788741, 727.9929133238804)"
96.357,4,Atta_4,"DEBUG: -1, ID: 4, Movimiento completado"
96.358,4,Atta_4,REQUEST_POSITION
96.374,4,Atta_4,"DEBUG: -1, ID: 4, EKF innov=34mm est=(3515,716)"
96.374,4,Atta_4,"DEBUG: -1, ID: 4, NAV: llegó a (3541.1,707.5)"
96.424,6,Atta_6,"DEBUG: -1, ID: 6, Movimiento completado"
96.424,6,Atta_6,REQUEST_POSITION
96.442,6,Atta_6,"DEBUG: -1, ID: 6, EKF innov=56mm est=(1975,2041)"
96.521,2,Atta_2,EKFPOSE|2|3240.1|580.0|44.2
96.521,3,Atta_3,EKFPOSE|3|2388.3|984.9|51.6
96.521,6,Atta_6,EKFPOSE|6|1986.3|2041.9|5.5
96.522,8,Atta_8,EKFPOSE|8|2850.9|2088.1|216.9
96.522,9,Atta_9,EKFPOSE|9|2516.8|1616.8|261.8
96.631,3,Atta_3,"DEBUG: -1, ID: 3, TURN IMU: objetivo=60.0° real=57.2° err=2.8° corr#0"
96.68,6,Atta_6,"DEBUG: -1, ID: 6, MOVE interrumpido por IR — evasión -60°"
97.183,6,Atta_6,"DEBUG: -1, ID: 6, Movimiento completado"
97.214,2,Atta_2,"DEBUG: -1, ID: 2, TURN IMU: objetivo=71.0° real=68.4° err=2.6° corr#0"
97.286,9,Atta_9,"DEBUG: -1, ID: 9, TURN IMU: objetivo=102.3° real=99.8° err=2.5° corr#0"
97.386,3,Atta_3,"DEBUG: -1, ID: 3, Movimiento completado"
97.386,3,Atta_3,REQUEST_POSITION
97.404,3,Atta_3,"DEBUG: -1, ID: 3, EKF innov=27mm est=(2470,1084)"
97.602,3,Atta_3,EKFPOSE|3|2470.1|1083.7|37.7
97.602,2,Atta_2,EKFPOSE|2|3262.8|638.0|68.6
97.602,6,Atta_6,EKFPOSE|6|1932.5|2036.4|338.9
97.602,9,Atta_9,EKFPOSE|9|2535.1|1569.0|291.0
97.602,8,Atta_8,EKFPOSE|8|2850.9|2088.1|287.6
97.706,9,Atta_9,"DEBUG: -1, ID: 9, DEADLOCK (3 evasiones) — escape comprometido -95°"
98.086,2,Atta_2,"DEBUG: -1, ID: 2, Movimiento completado"
98.086,2,Atta_2,REQUEST_POSITION
98.108,2,Atta_2,"DEBUG: -1, ID: 2, EKF innov=46mm est=(3291,705)"
98.396,6,Atta_6,"DEBUG: -1, ID: 6, TURN IMU: objetivo=-60.0° real=-57.2° err=-2.8° corr#0"
98.603,9,Atta_9,"DEBUG: -1, ID: 9, Movimiento completado"
98.641,8,Atta_8,"DEBUG: -1, ID: 8, TURN IMU: objetivo=175.8° real=173.9° err=2.0° corr#0"
98.682,2,Atta_2,EKFPOSE|2|3291.3|705.0|106.9
98.682,3,Atta_3,EKFPOSE|3|2470.1|1083.7|327.0
98.682,6,Atta_6,EKFPOSE|6|1962.7|1998.6|308.6
98.682,8,Atta_8,EKFPOSE|8|2856.1|2085.6|334.7
98.682,9,Atta_9,EKFPOSE|9|2473.8|1688.0|292.3
99.029,3,Atta_3,"DEBUG: -1, ID: 3, TURN IMU: objetivo=-87.7° real=-85.2° err=-2.5° corr#0"
99.029,8,Atta_8,"DEBUG: -1, ID: 8, Movimiento completado"
99.029,8,Atta_8,REQUEST_POSITION
99.047,8,Atta_8,"DEBUG: -1, ID: 8, EKF innov=69mm est=(2910,2047)"
99.123,6,Atta_6,"DEBUG: -1, ID: 6, Movimiento completado"
99.123,6,Atta_6,REQUEST_POSITION
99.142,6,Atta_6,"DEBUG: -1, ID: 6, EKF innov=34mm est=(2004,1946)"
99.159,2,Atta_2,"DEBUG: -1, ID: 2, TURN IMU: objetivo=50.6° real=48.2° err=2.4° corr#0"
99.579,2,Atta_2,"DEBUG: -1, ID: 2, Movimiento completado"
99.579,2,Atta_2,REQUEST_POSITION
99.596,2,Atta_2,"DEBUG: -1, ID: 2, EKF innov=41mm est=(3257,772)"
99.672,3,Atta_3,"DEBUG: -1, ID: 3, DEADLOCK (3 evasiones) — escape comprometido +95°"
99.758,3,Atta_3,EKFPOSE|3|2548.0|1031.1|323.4
99.758,2,Atta_2,EKFPOSE|2|3256.7|772.1|128.1
99.758,6,Atta_6,EKFPOSE|6|2003.8|1946.2|348.9
99.758,8,Atta_8,EKFPOSE|8|2910.2|2047.0|21.1
99.758,9,Atta_9,EKFPOSE|9|2473.8|1688.0|221.6
100.338,9,Atta_9,"DEBUG: -1, ID: 9, TURN IMU: objetivo=-95.0° real=-92.0° err=-3.0° corr#0"
100.393,6,Atta_6,"DEBUG: -1, ID: 6, TURN IMU: objetivo=63.2° real=60.6° err=2.6° corr#0"
100.567,3,Atta_3,"DEBUG: -1, ID: 3, Movimiento completado"
100.823,2,Atta_2,EKFPOSE|2|3256.7|772.1|198.8
100.823,3,Atta_3,EKFPOSE|3|2438.3|1112.6|340.3
100.823,6,Atta_6,EKFPOSE|6|2076.9|1958.0|9.1
100.824,9,Atta_9,EKFPOSE|9|2398.9|1653.3|204.8
100.824,8,Atta_8,EKFPOSE|8|2910.2|2047.0|91.8
101.691,8,Atta_8,"DEBUG: -1, ID: 8, TURN IMU: objetivo=156.6° real=153.7° err=2.9° corr#0"
101.898,6,Atta_6,"DEBUG: -1, ID: 6, Movimiento completado"
101.898,6,Atta_6,REQUEST_POSITION
101.914,3,Atta_3,EKFPOSE|3|2438.3|1112.6|50.9
101.915,2,Atta_2,EKFPOSE|2|3256.7|772.1|269.4
101.915,6,Atta_6,"DEBUG: -1, ID: 6, EKF innov=22mm est=(2251,1976)"
101.915,6,Atta_6,EKFPOSE|6|2250.8|1976.3|8.2
101.915,8,Atta_8,EKFPOSE|8|2889.3|2074.1|127.7
101.915,9,Atta_9,EKFPOSE|9|2236.1|1578.0|204.8
102.133,8,Atta_8,"DEBUG: -1, ID: 8, Movimiento completado"
102.133,8,Atta_8,REQUEST_POSITION
102.204,9,Atta_9,"DEBUG: -1, ID: 9, Movimiento completado"
102.204,9,Atta_9,REQUEST_POSITION
102.205,8,Atta_8,"DEBUG: -1, ID: 8, EKF innov=69mm est=(2879,2109)"
102.222,9,Atta_9,"DEBUG: -1, ID: 9, EKF innov=81mm est=(2201,1543)"
102.328,3,Atta_3,"DEBUG: -1, ID: 3, TURN IMU: objetivo=95.0° real=92.0° err=3.0° corr#0"
102.355,6,Atta_6,"DEBUG: -1, ID: 6, TURN IMU: objetivo=8.7° real=6.7° err=2.0° corr#0"
102.386,2,Atta_2,"DEBUG: -1, ID: 2, TURN IMU: objetivo=164.2° real=161.5° err=2.7° corr#0"
102.809,2,Atta_2,"DEBUG: -1, ID: 2, Movimiento completado"
102.81,2,Atta_2,REQUEST_POSITION
102.827,2,Atta_2,"DEBUG: -1, ID: 2, EKF innov=38mm est=(3264,711)"
102.827,2,Atta_2,"DEBUG: -1, ID: 2, NAV: llegó a (3254.2,740.5)"
103.011,6,Atta_6,EKFPOSE|6|2355.3|2004.1|14.9
103.011,3,Atta_3,EKFPOSE|3|2502.9|1206.4|55.4
103.011,8,Atta_8,EKFPOSE|8|2878.9|2109.3|182.6
103.011,9,Atta_9,EKFPOSE|9|2201.4|1543.3|257.8
103.408,3,Atta_3,"DEBUG: -1, ID: 3, MOVE interrumpido por IR — evasión -60°"
103.852,6,Atta_6,"DEBUG: -1, ID: 6, Movimiento completado"
103.852,6,Atta_6,REQUEST_POSITION
103.866,6,Atta_6,"DEBUG: -1, ID: 6, EKF innov=48mm est=(2500,2053)"
103.895,3,Atta_3,"DEBUG: -1, ID: 3, Movimiento completado"
104.078,3,Atta_3,EKFPOSE|3|2492.1|1196.6|41.5
104.078,6,Atta_6,EKFPOSE|6|2499.8|2053.3|11.5
104.078,8,Atta_8,EKFPOSE|8|2878.9|2109.3|233.1
104.078,9,Atta_9,EKFPOSE|9|2201.4|1543.3|328.5
104.095,8,Atta_8,"DEBUG: -1, ID: 8, TURN IMU: objetivo=108.3° real=105.4° err=2.9° corr#0"
104.258,6,Atta_6,"DEBUG: -1, ID: 6, TURN IMU: objetivo=-6.8° real=-4.5° err=-2.3° corr#0"
104.625,8,Atta_8,"DEBUG: -1, ID: 8, Movimiento completado"
104.625,8,Atta_8,REQUEST_POSITION
104.644,8,Atta_8,"DEBUG: -1, ID: 8, EKF innov=29mm est=(2830,2037)"
104.644,8,Atta_8,"DEBUG: -1, ID: 8, staging listo, entrando al slot (2969.5746827511834, 1936.2988304007433)"
104.974,9,Atta_9,"DEBUG: -1, ID: 9, TURN IMU: objetivo=164.9° real=162.6° err=2.3° corr#0"
105.092,3,Atta_3,"DEBUG: -1, ID: 3, TURN IMU: objetivo=-60.0° real=-57.3° err=-2.7° corr#0"
105.154,3,Atta_3,EKFPOSE|3|2500.6|1196.0|355.5
105.155,6,Atta_6,EKFPOSE|6|2644.9|2082.9|11.5
105.155,9,Atta_9,EKFPOSE|9|2229.7|1546.6|6.7
105.156,8,Atta_8,EKFPOSE|8|2830.2|2037.1|265.7
105.275,6,Atta_6,"DEBUG: -1, ID: 6, MOVE interrumpido por IR — evasión +60°"
105.769,6,Atta_6,"DEBUG: -1, ID: 6, Movimiento completado"
105.832,3,Atta_3,"DEBUG: -1, ID: 3, Movimiento completado"
105.832,3,Atta_3,REQUEST_POSITION
105.846,3,Atta_3,"DEBUG: -1, ID: 3, EKF innov=21mm est=(2608,1188)"
106.229,3,Atta_3,EKFPOSE|3|2607.6|1187.6|331.2
106.23,6,Atta_6,EKFPOSE|6|2584.2|2067.1|44.2
106.23,9,Atta_9,EKFPOSE|9|2407.8|1567.4|6.7
106.23,8,Atta_8,EKFPOSE|8|2830.2|2037.1|322.9
106.326,8,Atta_8,"DEBUG: -1, ID: 8, TURN IMU: objetivo=93.1° real=90.9° err=2.3° corr#0"
106.471,9,Atta_9,"DEBUG: -1, ID: 9, Movimiento completado"
106.471,9,Atta_9,REQUEST_POSITION
106.49,9,Atta_9,"DEBUG: -1, ID: 9, EKF innov=78mm est=(2437,1585)"
106.939,6,Atta_6,"DEBUG: -1, ID: 6, TURN IMU: objetivo=60.0° real=57.2° err=2.8° corr#0"
107.073,3,Atta_3,"DEBUG: -1, ID: 3, TURN IMU: objetivo=-62.1° real=-59.5° err=-2.7° corr#0"
107.137,8,Atta_8,"DEBUG: -1, ID: 8, Movimiento completado"
107.137,8,Atta_8,REQUEST_POSITION
107.15,8,Atta_8,"DEBUG: -1, ID: 8, EKF innov=70mm est=(2927,1965)"
107.289,6,Atta_6,EKFPOSE|6|2602.7|2121.0|71.1
107.289,3,Atta_3,EKFPOSE|3|2624.1|1154.5|296.5
107.289,8,Atta_8,EKFPOSE|8|2944.7|1951.4|322.1
107.289,9,Atta_9,"DEBUG: -1, ID: 9, TURN IMU: objetivo=-33.4° real=-31.4° err=-2.0° corr#0"
107.289,9,Atta_9,EKFPOSE|9|2437.4|1585.1|333.1
107.689,6,Atta_6,"DEBUG: -1, ID: 6, Movimiento completado"
107.689,6,Atta_6,REQUEST_POSITION
107.704,6,Atta_6,"DEBUG: -1, ID: 6, EKF innov=37mm est=(2618,2177)"
107.73,8,Atta_8,"DEBUG: -1, ID: 8, Movimiento completado"
107.73,8,Atta_8,REQUEST_POSITION
107.746,8,Atta_8,"DEBUG: -1, ID: 8, EKF innov=33mm est=(3001,1900)"
107.812,9,Atta_9,"DEBUG: -1, ID: 9, MOVE interrumpido por IR — evasión +60°"
108.318,9,Atta_9,"DEBUG: -1, ID: 9, Movimiento completado"
108.359,3,Atta_3,EKFPOSE|3|2704.0|993.9|296.5
108.36,6,Atta_6,EKFPOSE|6|2618.2|2177.4|27.6
108.36,8,Atta_8,EKFPOSE|8|3001.5|1899.5|2.0
108.36,9,Atta_9,EKFPOSE|9|2446.5|1589.5|330.2
108.575,3,Atta_3,"DEBUG: -1, ID: 3, Movimiento completado"
108.575,3,Atta_3,REQUEST_POSITION
108.592,3,Atta_3,"DEBUG: -1, ID: 3, EKF innov=45mm est=(2724,973)"
109.007,6,Atta_6,"DEBUG: -1, ID: 6, TURN IMU: objetivo=-67.6° real=-65.0° err=-2.6° corr#0"
109.443,3,Atta_3,EKFPOSE|3|2724.4|973.2|252.7
109.443,6,Atta_6,EKFPOSE|6|2689.0|2185.3|6.4
109.443,8,Atta_8,EKFPOSE|8|3001.5|1899.5|72.7
109.443,9,Atta_9,EKFPOSE|9|2446.5|1589.5|24.0
109.499,9,Atta_9,"DEBUG: -1, ID: 9, TURN IMU: objetivo=60.0° real=57.3° err=2.7° corr#0"
109.565,3,Atta_3,"DEBUG: -1, ID: 3, TURN IMU: objetivo=-45.7° real=-43.7° err=-2.0° corr#0"
110.046,3,Atta_3,"DEBUG: -1, ID: 3, Movimiento completado"
110.046,3,Atta_3,REQUEST_POSITION
110.057,3,Atta_3,"DEBUG: -1, ID: 3, EKF innov=47mm est=(2706,890)"
110.243,9,Atta_9,"DEBUG: -1, ID: 9, Movimiento completado"
110.243,9,Atta_9,REQUEST_POSITION
110.263,9,Atta_9,"DEBUG: -1, ID: 9, EKF innov=75mm est=(2558,1621)"
110.263,9,Atta_9,"DEBUG: -1, ID: 9, staging listo, entrando al slot (2719.4519281227294, 1498.6747742945417)"
110.387,8,Atta_8,"DEBUG: -1, ID: 8, TURN IMU: objetivo=154.4° real=152.5° err=1.9° corr#0"
110.519,3,Atta_3,EKFPOSE|3|2706.0|890.3|221.5
110.519,6,Atta_6,"DEBUG: -1, ID: 6, Movimiento completado"
110.519,6,Atta_6,REQUEST_POSITION
110.519,6,Atta_6,EKFPOSE|6|2867.2|2205.1|6.4
110.519,8,Atta_8,EKFPOSE|8|2993.3|1917.7|114.2
110.519,9,Atta_9,EKFPOSE|9|2557.6|1620.6|7.0
110.538,6,Atta_6,"DEBUG: -1, ID: 6, EKF innov=49mm est=(2877,2208)"
110.778,8,Atta_8,"DEBUG: -1, ID: 8, Movimiento completado"
110.778,8,Atta_8,REQUEST_POSITION
110.794,8,Atta_8,"DEBUG: -1, ID: 8, EKF innov=15mm est=(2978,1959)"
110.795,8,Atta_8,"DEBUG: -1, ID: 8, NAV: llegó a (2985.7,1967.6)"
110.987,6,Atta_6,"DEBUG: -1, ID: 6, TURN IMU: objetivo=-11.5° real=-9.0° err=-2.5° corr#0"
111.25,9,Atta_9,"DEBUG: -1, ID: 9, TURN IMU: objetivo=-46.0° real=-43.8° err=-2.2° corr#0"
111.6,3,Atta_3,EKFPOSE|3|2706.0|890.3|150.8
111.6,6,Atta_6,EKFPOSE|6|2976.2|2203.2|356.9
111.6,9,Atta_9,EKFPOSE|9|2611.1|1601.2|340.1
112.258,9,Atta_9,"DEBUG: -1, ID: 9, Movimiento completado"
112.258,9,Atta_9,REQUEST_POSITION
112.282,9,Atta_9,"DEBUG: -1, ID: 9, EKF innov=61mm est=(2716,1552)"
112.282,9,Atta_9,"DEBUG: -1, ID: 9, NAV: llegó a (2737.3,1510.5)"
112.342,6,Atta_6,"DEBUG: -1, ID: 6, Movimiento completado"
112.342,6,Atta_6,REQUEST_POSITION
112.356,6,Atta_6,"DEBUG: -1, ID: 6, EKF innov=58mm est=(3102,2185)"
112.496,3,Atta_3,"DEBUG: -1, ID: 3, TURN IMU: objetivo=-140.7° real=-138.0° err=-2.7° corr#0"
112.684,3,Atta_3,EKFPOSE|3|2693.4|918.9|113.8
112.684,6,Atta_6,EKFPOSE|6|3101.8|2184.8|19.2
112.846,3,Atta_3,"DEBUG: -1, ID: 3, Movimiento completado"
112.846,3,Atta_3,REQUEST_POSITION
112.863,3,Atta_3,"DEBUG: -1, ID: 3, EKF innov=61mm est=(2696,940)"
112.863,3,Atta_3,"DEBUG: -1, ID: 3, staging listo, entrando al slot (2834.982614254354, 1008.0334924727555)"
113.643,6,Atta_6,"DEBUG: -1, ID: 6, TURN IMU: objetivo=66.0° real=63.9° err=2.1° corr#0"
113.765,3,Atta_3,EKFPOSE|3|2695.9|940.2|57.3
113.766,6,Atta_6,EKFPOSE|6|3111.6|2202.2|60.7
113.975,6,Atta_6,"DEBUG: -1, ID: 6, Movimiento completado"
113.975,6,Atta_6,REQUEST_POSITION
113.992,6,Atta_6,"DEBUG: -1, ID: 6, EKF innov=29mm est=(3132,2236)"
113.992,6,Atta_6,"DEBUG: -1, ID: 6, staging listo, entrando al slot (3196.078902360143, 2056.7332602779497)"
114.313,3,Atta_3,"DEBUG: -1, ID: 3, TURN IMU: objetivo=-78.2° real=-75.3° err=-2.8° corr#0"
114.821,3,Atta_3,EKFPOSE|3|2758.7|993.9|40.5
114.821,6,Atta_6,EKFPOSE|6|3132.2|2236.1|4.8
114.978,3,Atta_3,"DEBUG: -1, ID: 3, Movimiento completado"
114.979,3,Atta_3,REQUEST_POSITION
115.0,3,Atta_3,"DEBUG: -1, ID: 3, EKF innov=6mm est=(2781,1010)"
115.839,3,Atta_3,"DEBUG: -1, ID: 3, TURN IMU: objetivo=-36.2° real=-33.6° err=-2.6° corr#0"
115.896,3,Atta_3,EKFPOSE|3|2789.1|1011.0|6.2
115.896,6,Atta_6,EKFPOSE|6|3132.2|2236.1|294.1
116.137,3,Atta_3,"DEBUG: -1, ID: 3, Movimiento completado"
116.138,3,Atta_3,REQUEST_POSITION
116.158,3,Atta_3,"DEBUG: -1, ID: 3, EKF innov=32mm est=(2826,1016)"
116.158,3,Atta_3,"DEBUG: -1, ID: 3, NAV: llegó a (2799.8,1015.5)"
116.331,6,Atta_6,"DEBUG: -1, ID: 6, TURN IMU: objetivo=-137.9° real=-135.7° err=-2.2° corr#0"
116.958,6,Atta_6,EKFPOSE|6|3159.0|2137.2|285.2
117.451,6,Atta_6,"DEBUG: -1, ID: 6, Movimiento completado"
117.451,6,Atta_6,REQUEST_POSITION
117.468,6,Atta_6,"DEBUG: -1, ID: 6, EKF innov=55mm est=(3183,2073)"
118.042,6,Atta_6,"DEBUG: -1, ID: 6, TURN IMU: objetivo=-19.0° real=-16.8° err=-2.2° corr#0"
118.06,6,Atta_6,EKFPOSE|6|3183.1|2070.6|268.3
118.352,6,Atta_6,"DEBUG: -1, ID: 6, Movimiento completado"
118.352,6,Atta_6,REQUEST_POSITION
118.371,6,Atta_6,"DEBUG: -1, ID: 6, EKF innov=35mm est=(3183,2018)"
119.138,6,Atta_6,EKFPOSE|6|3182.8|2018.0|319.9
120.214,6,Atta_6,EKFPOSE|6|3182.8|2018.0|30.6
121.085,6,Atta_6,"DEBUG: -1, ID: 6, TURN IMU: objetivo=159.1° real=157.0° err=2.0° corr#0"
