session,scenario,arranque,robot,path_mm,straight_mm,route_ratio,evasions,rw_active_s,meet_active_s,t_stop_s
SIM_31-07_15-28_Robots_10,SinObs,,1,2058,1722,1.2,0,41.0,16.0,22.3
SIM_31-07_15-28_Robots_10,SinObs,,2,1907,1437,1.33,0,40.0,12.0,16.3
SIM_31-07_15-28_Robots_10,SinObs,,3,1330,609,2.18,0,46.0,10.0,21.3
SIM_31-07_15-28_Robots_10,SinObs,,4,2723,2431,1.12,0,33.0,17.0,22.3
SIM_31-07_15-28_Robots_10,SinObs,,5,2789,2288,1.22,0,38.0,21.0,28.3
SIM_31-07_15-28_Robots_10,SinObs,,6,2603,2326,1.12,0,34.0,16.0,18.3
SIM_31-07_15-28_Robots_10,SinObs,,7,1429,1095,1.31,0,46.0,9.0,10.3
SIM_31-07_15-28_Robots_10,SinObs,,8,2622,2204,1.19,0,37.0,18.0,20.3
SIM_31-07_15-28_Robots_10,SinObs,,9,2923,2460,1.19,3,37.0,21.0,27.3
SIM_31-07_15-28_Robots_10,SinObs,,10,1521,1010,1.51,0,38.0,10.0,15.3
SIM_31-07_15-30_Robots_10,SinObs,,1,2350,1993,1.18,1,35.0,20.0,26.0
SIM_31-07_15-30_Robots_10,SinObs,,2,1949,1573,1.24,0,45.0,13.0,18.0
SIM_31-07_15-30_Robots_10,SinObs,,3,2833,2424,1.17,1,43.0,20.0,26.0
SIM_31-07_15-30_Robots_10,SinObs,,4,1753,1228,1.43,0,44.0,13.0,23.0
SIM_31-07_15-30_Robots_10,SinObs,,5,2954,2499,1.18,0,40.0,20.0,30.0
SIM_31-07_15-30_Robots_10,SinObs,,6,2376,1930,1.23,0,37.0,16.0,30.0
SIM_31-07_15-30_Robots_10,SinObs,,7,2795,2520,1.11,1,47.0,20.0,24.0
SIM_31-07_15-30_Robots_10,SinObs,,8,3198,2770,1.15,2,39.0,22.0,30.0
SIM_31-07_15-30_Robots_10,SinObs,,9,830,192,4.33,0,44.0,6.0,30.0
SIM_31-07_15-30_Robots_10,SinObs,,10,2312,1715,1.35,1,40.0,17.0,22.0
SIM_31-07_15-31_Robots_10,SinObs,,1,3237,1943,1.67,5,33.0,27.0,35.0
SIM_31-07_15-31_Robots_10,SinObs,,2,2668,2083,1.28,0,37.0,17.0,20.0
SIM_31-07_15-31_Robots_10,SinObs,,3,2740,2157,1.27,0,41.0,17.0,23.0
SIM_31-07_15-31_Robots_10,SinObs,,4,3573,2784,1.28,1,34.0,24.0,34.0
SIM_31-07_15-31_Robots_10,SinObs,,5,1905,1249,1.53,0,47.0,10.0,27.0
SIM_31-07_15-31_Robots_10,SinObs,,6,1454,283,5.13,0,51.0,11.0,41.0
SIM_31-07_15-31_Robots_10,SinObs,,7,1589,780,2.04,0,48.0,9.0,14.0
SIM_31-07_15-31_Robots_10,SinObs,,8,3565,2934,1.21,1,38.0,23.0,41.0
SIM_31-07_15-31_Robots_10,SinObs,,9,3129,2540,1.23,0,42.0,22.0,26.0
SIM_31-07_15-31_Robots_10,SinObs,,10,3446,2679,1.29,2,40.0,25.0,33.0
SIM_31-07_15-33_Robots_10,BosqueD_D2,,1,16201,149,108.89,84,33.0,155.0,302.0
SIM_31-07_15-33_Robots_10,BosqueD_D2,,2,11977,2071,5.78,39,39.0,92.0,303.0
SIM_31-07_15-33_Robots_10,BosqueD_D2,,3,17234,2520,6.84,69,49.0,154.0,303.0
SIM_31-07_15-33_Robots_10,BosqueD_D2,,4,17380,2609,6.66,65,35.0,157.0,303.0
SIM_31-07_15-33_Robots_10,BosqueD_D2,,5,14135,2528,5.59,88,39.0,123.0,285.0
SIM_31-07_15-33_Robots_10,BosqueD_D2,,6,16829,650,25.87,81,42.0,168.0,303.0
SIM_31-07_15-33_Robots_10,BosqueD_D2,,7,18671,1331,14.03,75,31.0,181.0,303.0
SIM_31-07_15-33_Robots_10,BosqueD_D2,,8,7636,2382,3.21,5,41.0,27.0,169.0
SIM_31-07_15-33_Robots_10,BosqueD_D2,,9,10026,2584,3.88,24,40.0,72.0,303.0
SIM_31-07_15-33_Robots_10,BosqueD_D2,,10,16865,1381,12.22,83,39.0,166.0,301.0
SIM_31-07_15-40_Robots_10,BosqueD_D2,,1,16697,1256,13.29,82,36.0,168.0,302.3
SIM_31-07_15-40_Robots_10,BosqueD_D2,,2,17754,1322,13.43,84,35.0,172.0,299.3
SIM_31-07_15-40_Robots_10,BosqueD_D2,,3,16463,421,39.15,85,29.0,161.0,302.3
SIM_31-07_15-40_Robots_10,BosqueD_D2,,4,17018,1234,13.79,83,45.0,160.0,301.3
SIM_31-07_15-40_Robots_10,BosqueD_D2,,5,8836,2003,4.41,12,40.0,43.0,292.3
SIM_31-07_15-40_Robots_10,BosqueD_D2,,6,17637,1123,15.7,81,34.0,181.0,301.3
SIM_31-07_15-40_Robots_10,BosqueD_D2,,7,17398,557,31.22,87,44.0,167.0,300.3
SIM_31-07_15-40_Robots_10,BosqueD_D2,,8,15938,307,51.94,83,42.0,162.0,301.3
SIM_31-07_15-40_Robots_10,BosqueD_D2,,9,16979,1274,13.32,86,33.0,162.0,302.3
SIM_31-07_15-40_Robots_10,BosqueD_D2,,10,7383,2303,3.21,2,38.0,25.0,49.3
SIM_31-07_15-46_Robots_10,BosqueD_D2,,1,16564,1559,10.63,72,37.0,153.0,290.1
SIM_31-07_15-46_Robots_10,BosqueD_D2,,2,17058,1142,14.94,72,40.0,160.0,302.1
SIM_31-07_15-46_Robots_10,BosqueD_D2,,3,8808,2000,4.4,11,43.0,44.0,237.1
SIM_31-07_15-46_Robots_10,BosqueD_D2,,4,14794,2604,5.68,46,47.0,121.0,205.1
SIM_31-07_15-46_Robots_10,BosqueD_D2,,5,16181,2392,6.76,64,37.0,145.0,276.1
SIM_31-07_15-46_Robots_10,BosqueD_D2,,6,13544,2688,5.04,72,43.0,115.0,265.1
SIM_31-07_15-46_Robots_10,BosqueD_D2,,7,18190,1300,14.0,72,39.0,175.0,302.1
SIM_31-07_15-46_Robots_10,BosqueD_D2,,8,8430,1757,4.8,23,36.0,44.0,283.1
SIM_31-07_15-46_Robots_10,BosqueD_D2,,9,18120,1116,16.24,71,42.0,171.0,300.1
SIM_31-07_15-46_Robots_10,BosqueD_D2,,10,6719,1811,3.71,1,40.0,18.0,221.1
SIM_31-07_15-53_Robots_10,BosqueD_D4,,1,4329,2268,1.91,10,37.0,39.0,54.2
SIM_31-07_15-53_Robots_10,BosqueD_D4,,2,4053,3147,1.29,3,32.0,30.0,33.2
SIM_31-07_15-53_Robots_10,BosqueD_D4,,3,3035,1442,2.11,9,44.0,28.0,40.2
SIM_31-07_15-53_Robots_10,BosqueD_D4,,4,4537,2451,1.85,6,43.0,38.0,48.2
SIM_31-07_15-53_Robots_10,BosqueD_D4,,5,3857,2626,1.47,6,38.0,30.0,40.2
SIM_31-07_15-53_Robots_10,BosqueD_D4,,6,1861,960,1.94,0,47.0,9.0,32.2
SIM_31-07_15-53_Robots_10,BosqueD_D4,,7,2690,1594,1.69,0,38.0,16.0,22.2
SIM_31-07_15-53_Robots_10,BosqueD_D4,,8,2684,1466,1.83,3,36.0,19.0,25.2
SIM_31-07_15-53_Robots_10,BosqueD_D4,,9,4486,2766,1.62,7,47.0,40.0,48.2
SIM_31-07_15-53_Robots_10,BosqueD_D4,,10,3330,2371,1.4,2,29.0,24.0,31.2
SIM_31-07_15-55_Robots_10,BosqueD_D4,,1,6896,3199,2.16,14,28.0,52.0,92.1
SIM_31-07_15-55_Robots_10,BosqueD_D4,,2,6494,2160,3.01,23,25.0,55.0,99.1
SIM_31-07_15-55_Robots_10,BosqueD_D4,,3,3378,1695,1.99,1,38.0,16.0,97.1
SIM_31-07_15-55_Robots_10,BosqueD_D4,,4,4677,2812,1.66,5,35.0,34.0,55.1
SIM_31-07_15-55_Robots_10,BosqueD_D4,,5,4970,3002,1.66,3,39.0,31.0,99.1
SIM_31-07_15-55_Robots_10,BosqueD_D4,,6,2280,673,3.39,0,33.0,5.0,7.1
SIM_31-07_15-55_Robots_10,BosqueD_D4,,7,3924,2368,1.66,2,43.0,23.0,55.1
SIM_31-07_15-55_Robots_10,BosqueD_D4,,8,4922,2910,1.69,4,37.0,33.0,70.1
SIM_31-07_15-55_Robots_10,BosqueD_D4,,9,4854,258,18.8,16,42.0,45.0,77.1
SIM_31-07_15-55_Robots_10,BosqueD_D4,,10,4278,2056,2.08,2,37.0,26.0,44.1
SIM_31-07_15-58_Robots_10,BosqueD_D4,,1,5818,3160,1.84,6,28.0,46.0,75.1
SIM_31-07_15-58_Robots_10,BosqueD_D4,,2,4153,3008,1.38,2,31.0,27.0,33.1
SIM_31-07_15-58_Robots_10,BosqueD_D4,,3,3352,2032,1.65,3,24.0,20.0,29.1
SIM_31-07_15-58_Robots_10,BosqueD_D4,,4,5128,2433,2.11,13,46.0,43.0,76.1
SIM_31-07_15-58_Robots_10,BosqueD_D4,,5,4502,2776,1.62,7,39.0,36.0,51.1
SIM_31-07_15-58_Robots_10,BosqueD_D4,,6,5803,2540,2.28,14,39.0,48.0,76.1
SIM_31-07_15-58_Robots_10,BosqueD_D4,,7,2537,1520,1.67,0,37.0,10.0,12.1
SIM_31-07_15-58_Robots_10,BosqueD_D4,,8,4623,1563,2.96,15,41.0,42.0,77.1
SIM_31-07_15-58_Robots_10,BosqueD_D4,,9,4044,2495,1.62,4,33.0,27.0,48.1
SIM_31-07_15-58_Robots_10,BosqueD_D4,,10,4407,1983,2.22,8,37.0,34.0,52.1
SIM_31-07_16-01_Robots_10,BosqueG_D2,,1,7137,2275,3.14,1,36.0,19.0,109.3
SIM_31-07_16-01_Robots_10,BosqueG_D2,,2,18236,1202,15.17,77,40.0,176.0,301.3
SIM_31-07_16-01_Robots_10,BosqueG_D2,,3,16803,412,40.74,81,30.0,158.0,301.3
SIM_31-07_16-01_Robots_10,BosqueG_D2,,4,8485,2540,3.34,8,41.0,34.0,172.3
SIM_31-07_16-01_Robots_10,BosqueG_D2,,5,11560,2766,4.18,23,36.0,72.0,149.3
SIM_31-07_16-01_Robots_10,BosqueG_D2,,6,9629,2308,4.17,17,45.0,56.0,274.3
SIM_31-07_16-01_Robots_10,BosqueG_D2,,7,7675,1622,4.73,5,37.0,28.0,246.3
SIM_31-07_16-01_Robots_10,BosqueG_D2,,8,18255,1041,17.53,75,34.0,169.0,302.3
SIM_31-07_16-01_Robots_10,BosqueG_D2,,9,11532,3528,3.27,20,40.0,77.0,283.3
SIM_31-07_16-01_Robots_10,BosqueG_D2,,10,18187,624,29.13,74,32.0,167.0,301.3
SIM_31-07_16-07_Robots_10,BosqueG_D2,,1,7699,1484,5.19,8,38.0,38.0,230.1
SIM_31-07_16-07_Robots_10,BosqueG_D2,,2,15777,2024,7.79,64,34.0,148.0,292.1
SIM_31-07_16-07_Robots_10,BosqueG_D2,,3,17278,968,17.85,82,43.0,173.0,302.1
SIM_31-07_16-07_Robots_10,BosqueG_D2,,4,10637,2500,4.25,19,40.0,64.0,256.1
SIM_31-07_16-07_Robots_10,BosqueG_D2,,5,5193,134,38.81,0,47.0,7.0,83.1
SIM_31-07_16-07_Robots_10,BosqueG_D2,,7,18100,419,43.23,74,37.0,174.0,301.1
SIM_31-07_16-07_Robots_10,BosqueG_D2,,8,8511,3199,2.66,3,41.0,35.0,295.1
SIM_31-07_16-07_Robots_10,BosqueG_D2,,9,7475,1991,3.76,3,38.0,28.0,234.1
SIM_31-07_16-07_Robots_10,BosqueG_D2,,10,7424,1684,4.41,3,40.0,26.0,292.1
SIM_31-07_16-14_Robots_10,BosqueG_D2,,1,17774,840,21.16,71,37.0,175.0,300.1
SIM_31-07_16-14_Robots_10,BosqueG_D2,,2,13543,2286,5.93,28,37.0,99.0,187.1
SIM_31-07_16-14_Robots_10,BosqueG_D2,,3,17256,990,17.44,81,37.0,164.0,301.1
SIM_31-07_16-14_Robots_10,BosqueG_D2,,4,10337,3123,3.31,9,39.0,57.0,274.1
SIM_31-07_16-14_Robots_10,BosqueG_D2,,5,7275,1975,3.68,1,37.0,22.0,297.1
SIM_31-07_16-14_Robots_10,BosqueG_D2,,6,7451,1706,4.37,6,38.0,30.0,205.1
SIM_31-07_16-14_Robots_10,BosqueG_D2,,7,10694,2477,4.32,19,49.0,67.0,242.1
SIM_31-07_16-14_Robots_10,BosqueG_D2,,8,17909,1159,15.45,72,31.0,168.0,302.1
SIM_31-07_16-14_Robots_10,BosqueG_D2,,9,10528,1501,7.01,18,39.0,64.0,136.1
SIM_31-07_16-14_Robots_10,BosqueG_D2,,10,8238,2790,2.95,5,31.0,37.0,283.1
SIM_31-07_16-20_Robots_10,BosqueG_D4,,1,3823,1555,2.46,10,40.0,33.0,70.1
SIM_31-07_16-20_Robots_10,BosqueG_D4,,2,3099,1510,2.05,3,39.0,20.0,76.1
SIM_31-07_16-20_Robots_10,BosqueG_D4,,3,2405,839,2.87,0,40.0,11.0,69.1
SIM_31-07_16-20_Robots_10,BosqueG_D4,,4,2307,296,7.8,1,43.0,14.0,74.1
SIM_31-07_16-20_Robots_10,BosqueG_D4,,5,5685,2541,2.24,13,39.0,49.0,74.1
SIM_31-07_16-20_Robots_10,BosqueG_D4,,6,5407,2526,2.14,12,44.0,50.0,76.1
SIM_31-07_16-20_Robots_10,BosqueG_D4,,7,4233,2198,1.93,8,35.0,35.0,68.1
SIM_31-07_16-20_Robots_10,BosqueG_D4,,8,4424,2257,1.96,6,35.0,37.0,48.1
SIM_31-07_16-20_Robots_10,BosqueG_D4,,9,3140,1424,2.21,2,36.0,23.0,61.1
SIM_31-07_16-20_Robots_10,BosqueG_D4,,10,3774,2510,1.5,0,49.0,22.0,76.1
SIM_31-07_16-23_Robots_10,BosqueG_D4,,1,3514,2097,1.68,6,38.0,31.0,44.2
SIM_31-07_16-23_Robots_10,BosqueG_D4,,2,1605,788,2.04,0,43.0,7.0,8.2
SIM_31-07_16-23_Robots_10,BosqueG_D4,,3,4098,3240,1.26,0,43.0,26.0,28.2
SIM_31-07_16-23_Robots_10,BosqueG_D4,,4,2778,1760,1.58,2,39.0,21.0,48.2
SIM_31-07_16-23_Robots_10,BosqueG_D4,,5,3738,2397,1.56,5,46.0,32.0,48.2
SIM_31-07_16-23_Robots_10,BosqueG_D4,,6,3409,2299,1.48,2,45.0,27.0,44.2
SIM_31-07_16-23_Robots_10,BosqueG_D4,,7,4170,2747,1.52,7,33.0,32.0,44.2
SIM_31-07_16-23_Robots_10,BosqueG_D4,,8,3047,1967,1.55,3,41.0,26.0,44.2
SIM_31-07_16-23_Robots_10,BosqueG_D4,,9,3496,2639,1.32,2,44.0,23.0,30.2
SIM_31-07_16-23_Robots_10,BosqueG_D4,,10,3198,2596,1.23,1,43.0,20.0,23.2
SIM_31-07_16-25_Robots_10,BosqueG_D4,,1,2136,1419,1.51,0,38.0,11.0,12.1
SIM_31-07_16-25_Robots_10,BosqueG_D4,,2,2752,1589,1.73,5,35.0,26.0,39.1
SIM_31-07_16-25_Robots_10,BosqueG_D4,,3,3741,3035,1.23,3,35.0,27.0,35.1
SIM_31-07_16-25_Robots_10,BosqueG_D4,,4,3267,2126,1.54,4,29.0,31.0,39.1
SIM_31-07_16-25_Robots_10,BosqueG_D4,,5,2709,1829,1.48,2,42.0,20.0,37.1
SIM_31-07_16-25_Robots_10,BosqueG_D4,,6,2223,1366,1.63,2,40.0,18.0,21.1
SIM_31-07_16-25_Robots_10,BosqueG_D4,,7,3236,2236,1.45,3,44.0,27.0,35.1
SIM_31-07_16-25_Robots_10,BosqueG_D4,,8,3620,2113,1.71,7,37.0,26.0,43.1
SIM_31-07_16-25_Robots_10,BosqueG_D4,,9,3421,2516,1.36,5,34.0,27.0,38.1
SIM_31-07_16-25_Robots_10,BosqueG_D4,,10,2017,1329,1.52,1,38.0,14.0,20.1
